Produto;Quantidade;Preco_Unitario;Valor_Total;Data;Estado
Produto 10;5;6.03;30.15;05/10/2023 10:03;RS
Produto 2;9;20.48;184.32;17/03/2023 14:03;RJ
Produto 5;3;25.39;76.17;20/04/2023 09:03;BA
Produto 6;3;10.73;32.19;21/09/2023 15:03;AM
Produto 8;4;34.67;138.68;04/09/2023 01:03;SP
Produto 6;9;8.29;74.61;12/02/2023 07:03;BA
Produto 5;8;27.45;219.6;24/08/2023 13:03;SP
Produto 8;7;34.6;242.2;14/12/2022 04:03;SC
Produto 2;9;18.39;165.51;21/05/2023 22:03;BA
Produto 9;4;14.52;58.08;23/01/2023 04:03;PE
Produto 3;9;16.06;144.54;03/10/2023 04:03;PE
Produto 10;9;12.35;111.15;01/11/2022 10:03;SC
Produto 8;3;33.16;99.48;18/12/2022 15:03;AM
Produto 2;6;23.35;140.1;10/01/2023 15:03;RS
Produto 5;6;23.17;139.02;26/06/2023 21:03;AM
Produto 2;3;19.31;57.93;16/07/2023 02:03;BA
Produto 4;2;27.68;55.36;08/02/2023 21:03;CE
Produto 1;1;13.8;13.8;30/12/2022 17:03;PR
Produto 9;6;24.09;144.54;26/12/2022 03:03;MG
Produto 1;5;9.35;46.75;28/08/2023 18:03;PE
Produto 2;6;20.83;124.98;02/05/2023 09:03;SC
Produto 8;10;37.28;372.8;03/04/2023 22:03;CE
Produto 6;7;8.26;57.82;27/10/2023 21:03;SC
Produto 5;6;27.45;164.7;03/09/2023 07:03;CE
Produto 6;7;11.28;78.96;17/12/2022 22:03;SP
Produto 10;10;3.83;38.3;18/03/2023 05:03;BA
Produto 10;7;11.52;80.64;13/09/2023 11:03;PR
Produto 2;8;12.81;102.48;08/10/2023 06:03;MG
Produto 1;7;9.91;69.37;07/11/2022 14:03;SC
Produto 7;2;48.72;97.44;17/03/2023 07:03;PE
Produto 7;3;35.78;107.34;09/02/2023 19:03;BA
Produto 9;10;19.65;196.5;07/09/2023 09:03;RJ
Produto 7;2;36.32;72.64;15/06/2023 08:03;RS
Produto 8;6;34.13;204.78;13/05/2023 09:03;PR
Produto 5;2;25.63;51.26;09/04/2023 14:03;RJ
Produto 1;6;7.59;45.54;27/05/2023 20:03;SP
Produto 7;5;38.73;193.65;14/05/2023 06:03;CE
Produto 3;7;20.22;141.54;14/05/2023 05:03;MG
Produto 2;9;18.28;164.52;24/03/2023 01:03;SP
Produto 6;8;8.54;68.32;19/01/2023 15:03;CE
Produto 7;8;42.51;340.08;22/11/2022 05:03;RJ
Produto 1;2;8.76;17.52;08/01/2023 01:03;RS
Produto 1;9;11.33;101.97;15/11/2022 15:03;SC
Produto 10;1;15.67;15.67;03/12/2022 11:03;MG
Produto 1;1;9.73;9.73;08/10/2023 06:03;RJ
Produto 4;4;37.03;148.12;13/04/2023 11:03;MG
Produto 8;4;33.69;134.76;16/01/2023 16:03;MG
Produto 4;7;29.85;208.95;30/09/2023 15:03;RJ
Produto 7;9;41.16;370.44;16/01/2023 22:03;BA
Produto 6;5;6.87;34.35;08/07/2023 18:03;BA
Produto 10;6;12.38;74.28;24/11/2022 19:03;SP
Produto 8;2;35.26;70.52;03/11/2022 23:03;CE
Produto 2;4;22.21;88.84;27/03/2023 10:03;SP
Produto 8;9;35.87;322.83;25/03/2023 03:03;PR
Produto 4;6;25.15;150.9;24/09/2023 12:03;AM
Produto 7;6;39.44;236.64;07/11/2022 02:03;AM
Produto 3;2;7.74;15.48;21/09/2023 11:03;SP
Produto 8;4;32.04;128.16;11/01/2023 14:03;PR
Produto 4;4;34.58;138.32;23/08/2023 09:03;SP
Produto 5;2;26.51;53.02;21/02/2023 17:03;MG
Produto 5;9;23.52;211.68;24/04/2023 18:03;SC
Produto 8;8;33.55;268.4;21/11/2022 22:03;PE
Produto 8;7;33.32;233.24;11/06/2023 05:03;RJ
Produto 8;3;35.91;107.73;21/05/2023 15:03;MG
Produto 9;5;12.61;63.05;25/05/2023 11:03;PE
Produto 8;3;35.69;107.07;14/02/2023 00:03;RJ
Produto 8;3;35.13;105.39;09/10/2023 19:03;SP
Produto 6;8;10.51;84.08;06/08/2023 01:03;CE
Produto 10;2;5.93;11.86;28/04/2023 09:03;CE
Produto 6;6;6.58;39.48;20/01/2023 10:03;CE
Produto 9;2;18.18;36.36;13/05/2023 15:03;RJ
Produto 3;4;15.38;61.52;06/10/2023 19:03;PR
Produto 3;4;15.93;63.72;24/12/2022 13:03;PR
Produto 7;4;42.24;168.96;17/10/2023 19:03;RS
Produto 1;3;11.43;34.29;17/08/2023 20:03;RJ
Produto 4;10;23.59;235.9;18/09/2023 01:03;BA
Produto 3;3;15.13;45.39;28/08/2023 14:03;BA
Produto 2;6;20.02;120.12;01/02/2023 19:03;BA
Produto 9;8;23.32;186.56;28/06/2023 23:03;MG
Produto 7;2;43.72;87.44;30/10/2022 11:03;SC
Produto 10;6;9.77;58.62;12/02/2023 03:03;RJ
Produto 6;4;12.37;49.48;26/05/2023 06:03;PE
Produto 8;5;33.98;169.9;19/08/2023 19:03;SP
Produto 9;10;20.89;208.9;08/10/2023 22:03;RJ
Produto 7;1;35.69;35.69;30/11/2022 18:03;PR
Produto 6;6;14.68;88.08;01/12/2022 19:03;RJ
Produto 5;10;27.37;273.7;29/09/2023 00:03;CE
Produto 2;4;17.74;70.96;29/12/2022 17:03;MG
Produto 3;2;12.42;24.84;18/10/2023 05:03;BA
Produto 7;4;43.55;174.2;15/04/2023 11:03;RJ
Produto 8;8;40.31;322.48;02/07/2023 20:03;RJ
Produto 6;4;11.18;44.72;19/01/2023 20:03;MG
Produto 1;2;8.91;17.82;23/05/2023 09:03;PR
Produto 2;7;25.24;176.68;12/03/2023 12:03;MG
Produto 5;2;30.58;61.16;16/04/2023 21:03;RS
Produto 1;1;7.64;7.64;04/05/2023 22:03;BA
Produto 9;5;22.63;113.15;23/04/2023 19:03;BA
Produto 7;8;44.07;352.56;04/12/2022 18:03;MG
Produto 1;5;12.89;64.45;09/11/2022 20:03;RS
Produto 8;5;34.0;170.0;09/06/2023 10:03;BA
Produto 2;1;13.05;13.05;10/09/2023 12:03;PE
Produto 3;4;7.13;28.52;16/04/2023 05:03;PR
Produto 3;1;22.11;22.11;01/06/2023 05:03;BA
Produto 4;4;24.67;98.68;03/10/2023 01:03;MG
Produto 10;1;9.82;9.82;26/05/2023 14:03;SP
Produto 9;7;18.43;129.01;20/01/2023 15:03;BA
Produto 4;4;33.73;134.92;02/04/2023 01:03;PR
Produto 6;10;7.91;79.1;15/02/2023 08:03;MG
Produto 4;3;31.15;93.45;24/09/2023 17:03;PE
Produto 6;10;7.71;77.1;26/03/2023 06:03;PR
Produto 1;1;11.98;11.98;13/04/2023 17:03;PE
Produto 10;4;-0.92;-3.68;02/02/2023 23:03;SP
Produto 8;3;33.8;101.4;25/06/2023 08:03;SC
Produto 8;6;34.08;204.48;19/12/2022 12:03;AM
Produto 5;1;25.0;25.0;05/10/2023 22:03;SC
Produto 2;1;20.05;20.05;26/09/2023 13:03;RS
Produto 2;9;22.14;199.26;11/06/2023 12:03;SP
Produto 9;10;16.35;163.5;07/11/2022 16:03;PE
Produto 2;7;21.12;147.84;03/10/2023 10:03;SC
Produto 8;4;35.39;141.56;15/10/2023 10:03;RJ
Produto 5;2;22.75;45.5;01/04/2023 09:03;MG
Produto 3;3;17.42;52.26;28/04/2023 20:03;SC
Produto 9;5;18.46;92.3;18/05/2023 16:03;RJ
Produto 3;3;16.19;48.57;11/09/2023 00:03;CE
Produto 4;4;33.33;133.32;03/06/2023 17:03;BA
Produto 1;9;8.84;79.56;18/04/2023 20:03;SP
Produto 3;10;9.75;97.5;26/01/2023 14:03;CE
Produto 7;9;34.28;308.52;07/02/2023 15:03;SP
Produto 6;2;16.18;32.36;12/09/2023 15:03;RJ
Produto 9;9;23.92;215.28;16/04/2023 11:03;PR
Produto 6;2;12.23;24.46;28/07/2023 15:03;AM
Produto 5;5;23.97;119.85;03/05/2023 02:03;MG
Produto 2;5;23.5;117.5;15/03/2023 23:03;SP
Produto 10;3;9.9;29.7;16/01/2023 01:03;PE
Produto 4;1;32.46;32.46;29/06/2023 16:03;PR
Produto 6;7;8.91;62.37;26/04/2023 19:03;SP
Produto 3;5;11.91;;25/01/2023 21:03;SP
Produto 4;6;28.73;172.38;26/02/2023 20:03;MG
Produto 3;2;18.57;37.14;02/06/2023 12:03;PE
Produto 1;5;8.44;42.2;29/09/2023 15:03;MG
Produto 4;3;37.69;113.07;10/05/2023 06:03;PE
Produto 10;4;13.5;54.0;05/02/2023 18:03;CE
Produto 9;1;19.14;19.14;08/08/2023 09:03;RJ
Produto 6;8;5.11;40.88;18/01/2023 14:03;AM
Produto 4;2;25.02;50.04;23/09/2023 21:03;RS
Produto 2;2;15.93;31.86;17/04/2023 22:03;PE
Produto 3;5;11.54;57.7;21/04/2023 12:03;RJ
Produto 9;4;15.43;61.72;07/03/2023 13:03;PR
Produto 6;3;7.88;23.64;12/06/2023 09:03;RS
Produto 10;9;9.68;87.12;31/05/2023 14:03;BA
Produto 7;6;48.25;289.5;12/09/2023 21:03;AM
Produto 3;4;17.74;70.96;29/06/2023 23:03;SP
Produto 8;7;36.76;257.32;16/03/2023 14:03;SP
Produto 9;5;21.35;106.75;12/10/2023 12:03;SC
Produto 2;3;24.43;73.29;06/12/2022 05:03;MG
Produto 3;2;18.15;36.3;06/07/2023 04:03;CE
Produto 5;1;24.48;24.48;15/04/2023 01:03;AM
Produto 5;2;23.39;46.78;15/01/2023 14:03;RS
Produto 1;6;10.33;61.98;29/04/2023 03:03;AM
Produto 1;6;8.11;48.66;14/05/2023 16:03;RS
Produto 8;5;37.71;188.55;12/12/2022 06:03;RJ
Produto 2;2;17.47;34.94;16/02/2023 02:03;CE
Produto 6;2;6.28;12.56;08/05/2023 17:03;RS
Produto 2;2;16.48;32.96;19/03/2023 08:03;CE
Produto 10;7;6.27;43.89;25/04/2023 04:03;PR
Produto 2;2;19.44;38.88;15/04/2023 20:03;SP
Produto 8;9;33.54;301.86;23/03/2023 22:03;BA
Produto 5;1;26.65;26.65;18/02/2023 06:03;AM
Produto 1;8;9.72;77.76;20/08/2023 12:03;AM
Produto 6;7;18.85;131.95;25/04/2023 13:03;SP
Produto 8;6;36.37;218.22;24/07/2023 18:03;CE
Produto 6;6;10.29;61.74;03/07/2023 07:03;AM
Produto 6;2;11.86;23.72;21/04/2023 16:03;RJ
Produto 1;10;11.51;115.1;19/06/2023 02:03;PE
Produto 5;3;25.01;75.03;15/05/2023 16:03;RJ
Produto 4;10;32.18;;23/09/2023 13:03;SC
Produto 8;8;35.35;282.8;05/09/2023 17:03;MG
Produto 10;1;12.68;12.68;20/02/2023 06:03;AM
Produto 5;8;27.81;222.48;13/03/2023 14:03;BA
Produto 5;6;19.71;118.26;21/05/2023 23:03;PE
Produto 1;8;10.59;84.72;16/10/2023 06:03;CE
Produto 1;10;12.08;120.8;31/01/2023 14:03;RS
Produto 9;6;26.7;160.2;20/12/2022 21:03;PE
Produto 9;1;21.99;21.99;11/05/2023 14:03;PR
Produto 2;5;20.92;104.6;15/01/2023 17:03;CE
Produto 4;8;28.41;227.28;07/10/2023 23:03;BA
Produto 5;4;28.0;112.0;01/09/2023 11:03;BA
Produto 10;2;14.09;28.18;02/02/2023 06:03;SP
Produto 2;5;20.65;103.25;28/11/2022 05:03;PR
Produto 5;6;28.37;170.22;11/03/2023 06:03;SP
Produto 2;8;17.3;138.4;23/05/2023 12:03;PE
Produto 8;6;33.57;201.42;23/10/2023 16:03;SC
Produto 8;5;35.04;175.2;05/12/2022 15:03;RJ
Produto 5;1;23.12;23.12;01/01/2023 12:03;SC
Produto 10;9;8.63;77.67;28/09/2023 13:03;PE
Produto 7;1;42.42;42.42;22/10/2023 08:03;MG
Produto 5;9;22.91;206.19;21/03/2023 05:03;SC
Produto 7;9;42.25;380.25;04/02/2023 19:03;PR
Produto 4;10;19.16;191.6;18/08/2023 11:03;RJ
Produto 1;7;13.44;94.08;26/11/2022 09:03;AM
Produto 10;6;7.84;47.04;19/01/2023 17:03;MG
Produto 6;6;7.41;44.46;27/07/2023 02:03;CE
Produto 2;7;17.3;121.1;15/01/2023 22:03;RJ
Produto 3;9;16.51;148.59;11/03/2023 17:03;CE
Produto 6;6;11.04;66.24;26/05/2023 06:03;BA
Produto 4;6;38.18;229.08;13/11/2022 00:03;PR
Produto 3;4;8.56;34.24;15/12/2022 01:03;PE
Produto 1;8;11.44;91.52;25/12/2022 06:03;AM
Produto 3;2;18.17;36.34;25/01/2023 18:03;MG
Produto 10;4;4.83;19.32;23/06/2023 16:03;SP
Produto 6;9;8.86;79.74;31/01/2023 09:03;AM
Produto 8;1;39.29;39.29;16/03/2023 06:03;RJ
Produto 4;9;33.01;297.09;26/07/2023 07:03;CE
Produto 10;4;6.25;25.0;01/08/2023 06:03;RJ
Produto 10;2;9.0;18.0;07/07/2023 00:03;PE
Produto 3;5;14.71;73.55;04/08/2023 22:03;AM
Produto 9;6;18.74;112.44;28/09/2023 11:03;CE
Produto 3;9;20.79;187.11;15/01/2023 03:03;AM
Produto 8;4;36.89;147.56;19/09/2023 10:03;SC
Produto 10;1;13.54;13.54;25/05/2023 06:03;PE
Produto 9;7;17.79;124.53;09/08/2023 01:03;PE
Produto 2;5;15.41;77.05;15/12/2022 19:03;PE
Produto 1;2;12.94;25.88;05/03/2023 19:03;SP
Produto 6;10;10.47;104.7;29/05/2023 21:03;MG
Produto 3;6;11.14;66.84;13/12/2022 18:03;RJ
Produto 1;3;8.22;24.66;26/03/2023 07:03;RJ
Produto 7;4;41.67;166.68;02/11/2022 13:03;CE
Produto 10;7;7.31;51.17;22/07/2023 02:03;RS
Produto 7;2;33.27;66.54;26/07/2023 06:03;BA
Produto 9;10;24.17;241.7;10/06/2023 12:03;PE
Produto 9;7;14.4;100.8;11/11/2022 11:03;PE
Produto 8;8;35.74;285.92;03/06/2023 07:03;MG
Produto 3;3;21.09;63.27;03/12/2022 04:03;MG
Produto 6;10;9.27;92.7;25/10/2023 15:03;PR
Produto 10;2;13.86;27.72;03/10/2023 01:03;PR
Produto 10;10;7.33;;17/06/2023 00:03;RS
Produto 4;9;30.88;277.92;01/12/2022 03:03;PR
Produto 6;5;8.06;40.3;07/01/2023 07:03;BA
Produto 6;7;11.8;82.6;04/05/2023 04:03;CE
Produto 5;6;25.45;152.7;02/12/2022 21:03;SP
Produto 2;1;20.97;20.97;27/10/2023 13:03;SP
Produto 6;2;12.93;25.86;11/11/2022 21:03;PE
Produto 2;5;20.85;104.25;23/06/2023 15:03;MG
Produto 1;4;8.43;33.72;28/11/2022 11:03;SC
Produto 6;6;9.47;56.82;10/01/2023 19:03;AM
Produto 5;4;25.05;100.2;02/05/2023 01:03;BA
Produto 1;9;10.94;98.46;23/02/2023 15:03;MG
Produto 8;5;38.55;192.75;31/07/2023 15:03;PE
Produto 9;4;18.36;73.44;27/07/2023 23:03;SC
Produto 1;5;8.17;40.85;08/05/2023 02:03;MG
Produto 5;2;24.96;49.92;02/11/2022 09:03;MG
Produto 6;3;6.92;20.76;29/10/2023 07:03;CE
Produto 4;6;42.66;255.96;18/09/2023 17:03;PR
Produto 10;5;11.28;56.4;04/08/2023 14:03;CE
Produto 9;7;14.23;99.61;28/07/2023 12:03;SC
Produto 1;10;10.02;100.2;11/03/2023 12:03;SC
Produto 8;2;35.42;70.84;24/12/2022 19:03;SP
Produto 5;10;23.63;236.3;04/01/2023 02:03;BA
Produto 5;2;26.69;53.38;08/01/2023 19:03;MG
Produto 7;8;32.53;260.24;21/09/2023 15:03;AM
Produto 1;7;8.95;62.65;03/09/2023 05:03;RS
Produto 2;8;19.14;153.12;24/05/2023 21:03;MG
Produto 2;6;19.78;118.68;10/03/2023 12:03;CE
Produto 5;6;21.92;131.52;26/10/2023 22:03;AM
Produto 6;7;12.04;84.28;30/10/2022 14:03;BA
Produto 6;8;7.49;59.92;10/09/2023 05:03;PR
Produto 9;2;16.45;32.9;13/11/2022 20:03;BA
Produto 8;4;35.04;140.16;22/11/2022 01:03;PE
Produto 6;4;9.65;38.6;12/05/2023 08:03;MG
Produto 2;8;15.73;125.84;06/01/2023 23:03;BA
Produto 6;9;7.31;65.79;03/02/2023 05:03;BA
Produto 8;2;32.57;65.14;05/10/2023 02:03;SP
Produto 5;7;22.93;160.51;05/07/2023 15:03;MG
Produto 8;3;37.08;111.24;27/01/2023 11:03;CE
Produto 4;4;25.98;103.92;11/07/2023 17:03;PE
Produto 5;4;21.6;86.4;17/03/2023 13:03;MG
Produto 3;1;15.41;15.41;30/04/2023 00:03;RS
Produto 6;8;9.4;75.2;22/03/2023 19:03;SP
Produto 1;5;7.77;38.85;27/07/2023 17:03;BA
Produto 5;3;22.64;67.92;13/12/2022 01:03;PR
Produto 6;8;8.73;69.84;05/02/2023 15:03;BA
Produto 5;6;24.72;148.32;01/10/2023 11:03;PE
Produto 3;10;13.36;133.6;28/07/2023 11:03;RJ
Produto 8;3;34.76;104.28;26/10/2023 23:03;BA
Produto 1;7;8.49;59.43;28/08/2023 20:03;CE
Produto 8;9;31.64;284.76;16/04/2023 18:03;PR
Produto 4;10;32.91;329.1;26/09/2023 16:03;SP
Produto 1;6;8.58;51.48;11/01/2023 14:03;RJ
Produto 3;4;18.3;73.2;11/11/2022 00:03;CE
Produto 3;2;16.43;32.86;26/04/2023 06:03;CE
Produto 5;3;26.42;79.26;01/07/2023 02:03;RJ
Produto 6;10;9.55;95.5;17/03/2023 09:03;BA
Produto 10;5;10.28;51.4;29/08/2023 21:03;RS
Produto 9;7;15.51;108.57;01/03/2023 21:03;SC
Produto 1;7;7.77;54.39;11/02/2023 07:03;SP
Produto 2;5;19.55;97.75;12/11/2022 06:03;RS
Produto 6;1;8.22;8.22;18/04/2023 10:03;PE
Produto 8;6;33.74;202.44;15/09/2023 16:03;SC
Produto 2;9;14.86;133.74;29/03/2023 23:03;RS
Produto 9;8;17.72;141.76;21/01/2023 08:03;RJ
Produto 8;5;38.36;;03/11/2022 08:03;RS
Produto 5;2;26.65;53.3;11/12/2022 08:03;SP
Produto 3;3;23.68;71.04;01/09/2023 10:03;AM
Produto 4;10;27.01;270.1;12/12/2022 02:03;CE
Produto 9;3;20.23;60.69;28/05/2023 11:03;SP
Produto 4;7;29.43;206.01;18/09/2023 09:03;PR
Produto 8;7;37.14;259.98;10/03/2023 15:03;PR
Produto 3;5;20.27;101.35;20/03/2023 14:03;RS
Produto 6;2;12.13;24.26;08/12/2022 10:03;RJ
Produto 5;4;24.52;98.08;06/11/2022 17:03;BA
Produto 7;1;40.41;40.41;19/06/2023 22:03;RJ
Produto 10;3;10.66;31.98;10/11/2022 20:03;RS
Produto 5;9;22.78;205.02;25/04/2023 05:03;AM
Produto 5;1;23.3;23.3;21/06/2023 02:03;PE
Produto 8;4;35.2;140.8;28/01/2023 04:03;SC
Produto 4;4;24.86;99.44;31/10/2022 05:03;CE
Produto 7;1;35.75;35.75;02/01/2023 06:03;BA
Produto 7;3;36.41;109.23;23/12/2022 20:03;BA
Produto 3;3;19.76;59.28;15/10/2023 21:03;SC
Produto 1;5;8.93;44.65;22/10/2023 12:03;MG
Produto 5;2;24.69;49.38;22/08/2023 16:03;CE
Produto 3;4;17.83;71.32;29/10/2023 16:03;MG
Produto 6;1;12.87;12.87;12/02/2023 00:03;CE
Produto 3;9;19.29;173.61;21/08/2023 15:03;RS
Produto 1;6;10.21;61.26;29/08/2023 09:03;PE
Produto 9;4;21.57;86.28;15/08/2023 16:03;SP
Produto 2;4;20.19;80.76;24/11/2022 08:03;RJ
Produto 7;4;43.27;173.08;20/12/2022 16:03;SP
Produto 2;6;24.28;145.68;21/02/2023 05:03;PR
Produto 2;1;21.21;21.21;29/01/2023 03:03;PE
Produto 7;8;37.86;302.88;14/04/2023 21:03;PR
Produto 4;10;29.58;295.8;19/01/2023 10:03;RS
Produto 3;5;15.91;79.55;17/12/2022 09:03;SP
Produto 1;9;12.55;112.95;01/12/2022 18:03;PR
Produto 6;7;13.09;91.63;06/12/2022 00:03;RS
Produto 1;5;12.51;62.55;21/07/2023 02:03;BA
Produto 7;9;44.83;403.47;18/07/2023 04:03;MG
Produto 10;6;11.43;68.58;16/04/2023 01:03;AM
Produto 1;3;10.52;31.56;13/06/2023 18:03;PE
Produto 3;10;12.11;121.1;06/02/2023 04:03;MG
Produto 1;2;10.06;20.12;18/05/2023 21:03;AM
Produto 6;3;10.58;31.74;11/12/2022 06:03;SC
Produto 6;9;12.86;115.74;10/06/2023 17:03;MG
Produto 4;9;31.09;279.81;28/05/2023 17:03;RJ
Produto 6;1;4.35;4.35;01/12/2022 02:03;MG
Produto 10;7;4.41;30.87;01/05/2023 20:03;SP
Produto 1;7;9.41;65.87;11/07/2023 10:03;RS
Produto 3;2;18.61;37.22;11/06/2023 01:03;PR
Produto 9;10;22.09;220.9;21/08/2023 02:03;PE
Produto 9;8;17.0;136.0;21/06/2023 01:03;SP
Produto 5;4;24.6;98.4;13/08/2023 09:03;BA
Produto 8;6;34.16;204.96;04/09/2023 01:03;AM
Produto 10;9;11.61;104.49;29/06/2023 17:03;PR
Produto 10;6;6.58;39.48;06/12/2022 14:03;SC
Produto 2;5;19.4;97.0;19/05/2023 05:03;PR
Produto 3;6;16.31;97.86;08/11/2022 09:03;RS
Produto 2;10;25.1;251.0;18/04/2023 20:03;AM
Produto 5;4;25.39;101.56;25/10/2023 15:03;CE
Produto 6;2;7.5;15.0;12/10/2023 04:03;CE
Produto 6;2;10.98;21.96;14/02/2023 01:03;CE
Produto 6;1;11.84;11.84;25/10/2023 20:03;SP
Produto 10;7;12.63;88.41;18/07/2023 04:03;BA
Produto 8;5;32.62;163.1;15/07/2023 00:03;RS
Produto 6;4;12.85;51.4;22/06/2023 23:03;BA
Produto 3;3;19.88;59.64;13/03/2023 13:03;BA
Produto 10;4;6.81;27.24;21/11/2022 08:03;MG
Produto 3;2;15.61;31.22;10/09/2023 15:03;BA
Produto 10;6;11.33;67.98;31/03/2023 04:03;RS
Produto 9;4;22.71;90.84;06/06/2023 06:03;MG
Produto 9;6;24.72;148.32;27/03/2023 05:03;SC
Produto 2;8;19.04;152.32;16/03/2023 20:03;AM
Produto 3;2;11.6;23.2;01/06/2023 14:03;CE
Produto 9;4;22.03;88.12;27/02/2023 16:03;MG
Produto 4;8;34.53;276.24;04/02/2023 07:03;SC
Produto 5;6;24.09;144.54;19/09/2023 05:03;MG
Produto 5;9;25.74;231.66;21/10/2023 07:03;PE
Produto 6;7;2.13;14.91;02/07/2023 11:03;MG
Produto 5;6;25.5;153.0;01/08/2023 23:03;RJ
Produto 10;7;12.85;89.95;06/11/2022 05:03;CE
Produto 8;9;35.77;321.93;26/01/2023 08:03;AM
Produto 9;1;19.45;19.45;19/09/2023 04:03;SC
Produto 4;4;31.16;124.64;12/05/2023 11:03;MG
Produto 3;8;8.64;69.12;20/04/2023 22:03;RS
Produto 9;8;19.75;158.0;05/12/2022 07:03;PE
Produto 4;9;29.43;264.87;14/09/2023 17:03;SC
Produto 2;2;18.04;36.08;26/09/2023 02:03;CE
Produto 8;1;40.01;40.01;17/11/2022 06:03;AM
Produto 10;7;8.43;59.01;16/07/2023 15:03;MG
Produto 3;1;13.09;13.09;01/10/2023 09:03;CE
Produto 2;9;19.41;174.69;03/10/2023 21:03;PR
Produto 3;3;16.54;49.62;16/10/2023 18:03;PE
Produto 8;3;35.21;105.63;13/02/2023 04:03;RJ
Produto 6;4;10.29;41.16;06/03/2023 07:03;CE
Produto 4;9;34.78;313.02;23/02/2023 13:03;SC
Produto 1;5;10.48;52.4;16/10/2023 11:03;BA
Produto 3;8;19.41;155.28;23/02/2023 02:03;SP
Produto 1;8;10.45;83.6;22/09/2023 04:03;MG
Produto 8;6;32.98;;26/11/2022 19:03;CE
Produto 4;6;24.32;145.92;02/09/2023 06:03;SP
Produto 2;5;18.83;94.15;29/10/2023 17:03;PR
Produto 9;5;21.03;105.15;04/08/2023 05:03;PE
Produto 3;5;12.79;63.95;29/12/2022 21:03;AM
Produto 5;5;24.16;120.8;15/10/2023 14:03;SC
Produto 1;9;8.16;73.44;27/10/2023 15:03;CE
Produto 3;4;11.42;45.68;17/03/2023 12:03;CE
Produto 3;9;10.95;98.55;28/08/2023 11:03;BA
Produto 9;1;16.01;16.01;27/02/2023 05:03;MG
Produto 10;4;9.83;39.32;09/01/2023 10:03;MG
Produto 2;3;22.71;68.13;12/06/2023 06:03;SP
Produto 4;10;23.53;235.3;20/10/2023 02:03;CE
Produto 1;8;9.03;72.24;04/09/2023 23:03;CE
Produto 8;9;33.23;299.07;07/08/2023 04:03;MG
Produto 7;3;42.87;128.61;04/12/2022 01:03;PR
Produto 1;9;9.12;82.08;29/12/2022 08:03;SP
Produto 7;4;32.64;130.56;02/05/2023 01:03;CE
Produto 1;10;12.8;128.0;26/09/2023 07:03;PE
Produto 3;8;12.82;102.56;23/08/2023 20:03;PR
Produto 5;7;24.85;173.95;03/02/2023 02:03;CE
Produto 5;10;20.54;205.4;25/12/2022 18:03;RJ
Produto 2;3;21.27;63.81;25/05/2023 17:03;PR
Produto 8;2;31.54;63.08;20/11/2022 16:03;AM
Produto 10;5;7.47;37.35;07/05/2023 12:03;BA
Produto 5;1;24.14;24.14;20/08/2023 17:03;AM
Produto 8;8;36.4;291.2;10/08/2023 13:03;PE
Produto 10;9;10.83;97.47;23/06/2023 15:03;PE
Produto 1;7;9.5;66.5;07/09/2023 21:03;PR
Produto 9;8;22.37;178.96;20/01/2023 19:03;AM
Produto 2;10;20.23;202.3;17/01/2023 22:03;AM
Produto 5;5;22.35;111.75;11/07/2023 06:03;AM
Produto 2;4;20.18;80.72;10/10/2023 02:03;SC
Produto 10;7;11.26;78.82;13/10/2023 01:03;SC
Produto 9;2;24.43;48.86;09/12/2022 20:03;CE
Produto 8;6;34.59;207.54;10/10/2023 11:03;PE
Produto 2;8;18.83;150.64;28/09/2023 09:03;PE
Produto 10;9;11.87;106.83;11/05/2023 07:03;MG
Produto 10;3;7.15;21.45;09/11/2022 10:03;SP
Produto 6;4;17.16;68.64;09/11/2022 16:03;CE
Produto 3;8;15.18;121.44;06/06/2023 16:03;CE
Produto 1;5;8.99;44.95;28/12/2022 16:03;SP
Produto 1;4;10.31;41.24;31/03/2023 09:03;AM
Produto 3;7;23.59;165.13;07/07/2023 03:03;SP
Produto 6;2;6.87;13.74;07/03/2023 13:03;CE
Produto 4;6;27.78;166.68;20/03/2023 16:03;PR
Produto 10;1;16.19;16.19;23/07/2023 03:03;MG
Produto 1;3;12.92;38.76;22/07/2023 01:03;RS
Produto 2;3;22.22;66.66;18/07/2023 02:03;PR
Produto 2;1;19.2;19.2;19/10/2023 12:03;BA
Produto 3;6;9.97;59.82;25/05/2023 00:03;BA
Produto 1;2;6.73;13.46;30/10/2022 14:03;SP
Produto 2;6;22.04;132.24;12/10/2023 01:03;PR
Produto 7;7;46.59;326.13;25/09/2023 08:03;MG
Produto 7;3;38.96;116.88;26/04/2023 19:03;CE
Produto 2;2;20.55;41.1;08/11/2022 03:03;RS
Produto 4;5;34.93;174.65;13/12/2022 10:03;PE
Produto 5;4;25.68;102.72;25/04/2023 19:03;AM
Produto 10;1;6.55;6.55;14/08/2023 21:03;AM
Produto 1;2;8.88;17.76;05/12/2022 11:03;RJ
Produto 10;5;6.14;30.7;11/02/2023 07:03;BA
Produto 2;3;18.73;56.19;02/02/2023 12:03;MG
Produto 7;4;45.5;182.0;27/12/2022 13:03;CE
Produto 7;6;39.52;237.12;02/05/2023 15:03;SP
Produto 1;6;12.35;74.1;07/05/2023 13:03;PR
Produto 5;6;26.96;161.76;04/07/2023 22:03;CE
Produto 6;2;9.21;18.42;05/05/2023 21:03;SC
Produto 4;6;38.69;232.14;01/09/2023 01:03;BA
Produto 7;2;39.72;79.44;03/09/2023 16:03;CE
Produto 5;1;25.18;25.18;09/04/2023 08:03;CE
Produto 10;3;2.55;7.65;24/11/2022 07:03;RS
Produto 7;10;38.27;382.7;13/03/2023 09:03;AM
Produto 7;5;47.02;;28/08/2023 12:03;RJ
Produto 4;10;27.81;278.1;09/10/2023 04:03;RJ
Produto 1;8;7.4;59.2;04/08/2023 01:03;AM
Produto 1;6;11.62;69.72;15/04/2023 16:03;RS
Produto 10;7;10.63;74.41;29/08/2023 12:03;SC
Produto 2;9;23.88;214.92;28/01/2023 11:03;RJ
Produto 9;8;18.44;147.52;01/11/2022 06:03;RS
Produto 2;2;23.29;46.58;01/05/2023 16:03;RS
Produto 7;5;42.7;213.5;23/06/2023 12:03;CE
Produto 9;7;16.95;118.65;16/11/2022 23:03;CE
Produto 7;8;48.33;386.64;18/03/2023 20:03;SP
Produto 5;3;26.41;79.23;08/09/2023 12:03;AM
Produto 10;2;10.82;21.64;24/10/2023 10:03;PR
Produto 2;6;18.6;111.6;22/09/2023 02:03;PE
Produto 4;10;19.76;197.6;15/12/2022 19:03;PR
Produto 5;6;25.66;153.96;18/05/2023 01:03;SC
Produto 3;10;18.3;183.0;26/08/2023 17:03;CE
Produto 5;6;26.99;161.94;18/03/2023 14:03;MG
Produto 10;5;7.89;39.45;13/06/2023 09:03;PR
Produto 2;8;16.93;135.44;10/02/2023 12:03;BA
Produto 5;9;21.95;197.55;13/12/2022 17:03;SC
Produto 8;4;32.46;129.84;05/05/2023 16:03;SC
Produto 7;1;44.59;44.59;09/09/2023 08:03;RS
Produto 2;10;16.09;160.9;11/07/2023 19:03;BA
Produto 10;1;8.27;8.27;31/08/2023 01:03;SP
Produto 2;1;17.36;17.36;07/08/2023 07:03;SC
Produto 4;9;31.28;281.52;22/05/2023 15:03;PE
Produto 3;8;17.77;142.16;14/02/2023 01:03;CE
Produto 5;5;25.41;127.05;19/08/2023 01:03;SP
Produto 8;5;35.52;177.6;27/04/2023 18:03;PE
Produto 4;9;34.16;307.44;12/08/2023 11:03;RS
Produto 7;8;41.45;331.6;23/05/2023 01:03;BA
Produto 3;4;10.14;40.56;25/12/2022 04:03;RJ
Produto 9;10;23.18;231.8;30/03/2023 17:03;PE
Produto 7;3;31.46;94.38;22/06/2023 21:03;CE
Produto 6;10;7.52;75.2;14/09/2023 15:03;BA
Produto 2;10;23.24;232.4;12/05/2023 16:03;AM
Produto 9;3;17.67;53.01;26/10/2023 19:03;SP
Produto 5;6;28.02;168.12;06/11/2022 08:03;BA
Produto 2;7;18.66;130.62;29/01/2023 02:03;SC
Produto 4;1;29.49;29.49;16/06/2023 20:03;PR
Produto 6;10;5.89;58.9;19/05/2023 04:03;SP
Produto 4;7;35.87;251.09;27/03/2023 09:03;AM
Produto 6;10;6.63;66.3;30/05/2023 18:03;PE
Produto 3;10;19.59;195.9;08/01/2023 20:03;PR
Produto 7;9;38.21;343.89;06/03/2023 07:03;RS
Produto 3;10;17.83;178.3;30/04/2023 14:03;MG
Produto 5;4;21.35;85.4;23/03/2023 11:03;MG
Produto 6;7;11.31;79.17;22/01/2023 15:03;PE
Produto 1;4;13.06;52.24;30/07/2023 20:03;BA
Produto 5;3;26.36;79.08;23/01/2023 05:03;RJ
Produto 3;4;16.08;64.32;21/07/2023 11:03;BA
Produto 7;1;34.93;34.93;03/10/2023 13:03;AM
Produto 2;7;23.54;164.78;12/05/2023 19:03;RS
Produto 8;4;34.34;137.36;28/08/2023 18:03;AM
Produto 6;7;9.92;69.44;21/10/2023 23:03;CE
Produto 2;5;18.71;93.55;09/02/2023 03:03;BA
Produto 10;6;2.05;12.3;21/08/2023 10:03;PR
Produto 7;5;40.4;202.0;21/04/2023 10:03;RJ
Produto 1;7;11.12;77.84;21/02/2023 05:03;SP
Produto 10;9;7.53;67.77;19/11/2022 23:03;PR
Produto 3;6;16.39;98.34;05/10/2023 11:03;PE
Produto 2;1;21.63;21.63;05/03/2023 11:03;RS
Produto 4;6;28.25;169.5;26/09/2023 21:03;AM
Produto 10;6;9.96;59.76;08/02/2023 00:03;SP
Produto 1;10;12.01;120.1;14/11/2022 09:03;SP
Produto 3;10;16.0;160.0;12/01/2023 21:03;SC
Produto 10;1;10.37;10.37;07/07/2023 11:03;PR
Produto 8;5;34.1;170.5;16/10/2023 11:03;PR
Produto 8;8;32.94;;10/10/2023 16:03;CE
Produto 4;6;25.67;154.02;10/09/2023 01:03;AM
Produto 5;2;22.48;44.96;27/10/2023 01:03;PR
Produto 7;8;35.15;281.2;24/07/2023 14:03;CE
Produto 6;5;12.24;61.2;03/01/2023 03:03;PR
Produto 10;2;21.36;42.72;15/02/2023 09:03;PE
Produto 9;6;20.89;125.34;18/03/2023 22:03;PE
Produto 9;7;22.12;154.84;29/07/2023 13:03;RS
Produto 10;5;8.07;40.35;11/11/2022 15:03;RS
Produto 3;3;12.59;37.77;19/03/2023 07:03;CE
Produto 9;5;20.43;102.15;19/10/2023 07:03;PE
Produto 3;2;15.63;31.26;07/11/2022 02:03;PR
Produto 7;5;33.59;167.95;20/12/2022 10:03;SC
Produto 2;3;24.53;73.59;21/10/2023 07:03;PR
Produto 3;8;17.09;136.72;07/03/2023 05:03;SP
Produto 7;2;36.33;72.66;14/04/2023 14:03;BA
Produto 7;9;38.33;344.97;16/05/2023 04:03;AM
Produto 4;4;31.61;126.44;05/12/2022 06:03;MG
Produto 3;9;13.88;124.92;21/03/2023 22:03;PE
Produto 6;3;8.32;24.96;05/07/2023 11:03;MG
Produto 7;1;40.29;40.29;28/08/2023 23:03;RS
Produto 3;5;15.84;79.2;05/06/2023 12:03;SC
Produto 10;6;12.77;76.62;04/07/2023 11:03;SC
Produto 4;6;35.17;211.02;03/05/2023 21:03;RJ
Produto 6;7;8.1;56.7;24/03/2023 10:03;PE
Produto 1;7;10.14;70.98;29/06/2023 00:03;MG
Produto 3;7;9.48;66.36;06/04/2023 00:03;AM
Produto 10;2;8.05;16.1;02/05/2023 17:03;SC
Produto 10;8;6.29;50.32;30/07/2023 09:03;SP
Produto 10;8;16.93;135.44;10/11/2022 23:03;RS
Produto 6;2;8.55;17.1;17/03/2023 19:03;CE
Produto 6;10;15.32;153.2;17/12/2022 18:03;AM
Produto 2;8;23.19;185.52;18/03/2023 13:03;CE
Produto 1;10;10.39;103.9;19/04/2023 22:03;RS
Produto 8;9;35.33;317.97;19/04/2023 05:03;RS
Produto 5;4;26.78;107.12;21/03/2023 11:03;SP
Produto 8;9;35.03;315.27;28/09/2023 13:03;SC
Produto 5;5;24.45;122.25;02/12/2022 07:03;MG
Produto 4;1;23.59;23.59;16/03/2023 01:03;MG
Produto 3;3;19.78;59.34;23/04/2023 13:03;PR
Produto 10;6;7.42;44.52;27/07/2023 19:03;SC
Produto 3;8;15.93;127.44;01/11/2022 17:03;PR
Produto 6;10;7.86;78.6;08/03/2023 10:03;MG
Produto 6;5;14.52;72.6;01/08/2023 05:03;AM
Produto 7;6;41.48;248.88;02/05/2023 11:03;AM
Produto 7;10;27.21;272.1;15/08/2023 18:03;PE
Produto 1;7;9.95;69.65;27/12/2022 00:03;SC
Produto 8;10;36.04;360.4;18/07/2023 09:03;PE
Produto 2;4;15.08;60.32;26/01/2023 18:03;RS
Produto 4;1;23.76;23.76;21/10/2023 15:03;SC
Produto 6;3;9.51;28.53;24/02/2023 19:03;BA
Produto 10;9;9.03;81.27;08/01/2023 15:03;RJ
Produto 1;9;13.1;117.9;09/06/2023 03:03;RJ
Produto 10;10;10.76;107.6;10/01/2023 04:03;PE
Produto 2;5;16.47;82.35;14/01/2023 21:03;MG
Produto 3;6;11.97;71.82;31/12/2022 23:03;SP
Produto 1;6;9.77;58.62;20/04/2023 06:03;AM
Produto 6;8;6.18;49.44;21/06/2023 14:03;SC
Produto 6;8;8.72;69.76;25/04/2023 15:03;RJ
Produto 9;3;21.62;64.86;01/06/2023 16:03;BA
Produto 8;5;38.19;190.95;05/11/2022 04:03;PR
Produto 9;1;14.61;14.61;22/01/2023 13:03;RJ
Produto 9;9;15.76;141.84;18/03/2023 02:03;MG
Produto 10;8;7.64;61.12;23/01/2023 06:03;SC
Produto 7;6;39.93;239.58;30/10/2022 06:03;SC
Produto 7;1;40.54;40.54;28/04/2023 19:03;RJ
Produto 10;10;7.69;76.9;26/11/2022 09:03;BA
Produto 1;9;11.59;;03/03/2023 09:03;SP
Produto 4;9;30.7;276.3;22/10/2023 04:03;SP
Produto 7;9;44.35;399.15;29/03/2023 14:03;RJ
Produto 3;3;22.54;67.62;06/08/2023 06:03;PR
Produto 1;10;10.02;100.2;14/09/2023 18:03;RS
Produto 3;7;15.91;111.37;26/11/2022 23:03;PE
Produto 5;7;23.09;161.63;01/03/2023 13:03;BA
Produto 2;8;19.91;159.28;17/09/2023 10:03;BA
Produto 10;10;9.72;97.2;02/01/2023 09:03;RJ
Produto 2;4;23.6;94.4;17/06/2023 10:03;BA
Produto 2;7;18.42;128.94;02/06/2023 21:03;RJ
Produto 6;1;11.69;11.69;02/12/2022 06:03;MG
Produto 1;1;8.84;8.84;23/04/2023 18:03;BA
Produto 8;8;34.8;278.4;21/11/2022 02:03;CE
Produto 3;1;13.62;13.62;03/12/2022 01:03;BA
Produto 7;6;32.31;193.86;24/11/2022 15:03;SP
Produto 3;5;16.04;80.2;16/09/2023 22:03;RJ
Produto 5;2;24.57;49.14;29/11/2022 13:03;PR
Produto 3;2;17.73;35.46;11/12/2022 04:03;SC
Produto 3;9;15.5;139.5;08/06/2023 14:03;BA
Produto 2;1;16.46;16.46;18/03/2023 06:03;PE
Produto 1;10;9.73;97.3;15/09/2023 05:03;RS
Produto 1;6;14.45;86.7;09/11/2022 11:03;CE
Produto 9;2;16.39;32.78;29/11/2022 23:03;SC
Produto 3;7;16.12;112.84;28/06/2023 15:03;BA
Produto 1;10;12.36;123.6;02/01/2023 02:03;BA
Produto 3;3;22.26;66.78;25/05/2023 19:03;AM
Produto 3;6;20.75;124.5;06/08/2023 08:03;CE
Produto 9;3;16.93;50.79;13/06/2023 01:03;BA
Produto 3;7;17.64;123.48;08/07/2023 22:03;SC
Produto 3;2;12.99;25.98;27/02/2023 01:03;AM
Produto 2;8;18.04;144.32;15/10/2023 01:03;MG
Produto 9;3;19.06;57.18;30/01/2023 11:03;BA
Produto 6;9;13.43;120.87;01/06/2023 04:03;PE
Produto 8;8;34.54;276.32;29/05/2023 21:03;CE
Produto 2;2;16.57;33.14;12/03/2023 18:03;PE
Produto 5;7;27.0;189.0;23/04/2023 22:03;RS
Produto 3;2;14.11;28.22;07/06/2023 20:03;MG
Produto 2;10;19.95;199.5;04/05/2023 01:03;RS
Produto 9;4;15.2;60.8;15/09/2023 12:03;RJ
Produto 4;9;37.12;334.08;02/02/2023 23:03;RJ
Produto 3;6;9.31;55.86;17/05/2023 17:03;PE
Produto 8;8;33.8;270.4;11/08/2023 08:03;AM
Produto 1;9;11.01;99.09;28/10/2023 20:03;MG
Produto 3;8;12.08;96.64;21/07/2023 10:03;AM
Produto 1;6;8.94;53.64;05/08/2023 08:03;BA
Produto 4;5;35.74;178.7;13/04/2023 15:03;RJ
Produto 2;9;21.79;196.11;17/04/2023 08:03;RS
Produto 6;2;12.53;25.06;25/12/2022 07:03;MG
Produto 8;8;35.31;282.48;24/05/2023 08:03;SC
Produto 1;6;11.41;68.46;03/11/2022 17:03;PE
Produto 8;9;37.82;340.38;23/03/2023 09:03;PE
Produto 4;3;38.31;114.93;16/12/2022 05:03;PE
Produto 6;2;6.05;12.1;15/09/2023 23:03;AM
Produto 8;9;36.03;324.27;16/10/2023 05:03;RS
Produto 8;4;38.19;152.76;28/09/2023 17:03;BA
Produto 2;2;24.02;48.04;16/04/2023 05:03;MG
Produto 4;5;24.89;124.45;17/07/2023 09:03;PE
Produto 2;7;22.27;155.89;29/04/2023 22:03;CE
Produto 10;2;8.73;17.46;10/09/2023 16:03;RJ
Produto 1;8;4.5;36.0;06/08/2023 01:03;RS
Produto 8;7;35.36;247.52;19/03/2023 19:03;BA
Produto 7;6;46.04;276.24;20/08/2023 06:03;MG
Produto 4;9;24.07;216.63;18/04/2023 20:03;RS
Produto 7;3;40.29;;01/09/2023 14:03;SC
Produto 10;7;8.33;58.31;01/03/2023 09:03;SP
Produto 10;7;14.51;101.57;31/07/2023 11:03;MG
Produto 1;5;10.67;53.35;05/03/2023 03:03;MG
Produto 4;3;30.38;91.14;18/11/2022 12:03;PE
Produto 1;3;12.18;36.54;30/04/2023 17:03;BA
Produto 5;5;21.48;107.4;21/02/2023 20:03;AM
Produto 1;10;8.74;87.4;27/06/2023 18:03;CE
Produto 7;7;43.72;306.04;08/11/2022 11:03;BA
Produto 5;1;22.14;22.14;10/06/2023 09:03;RJ
Produto 4;2;38.72;77.44;26/12/2022 11:03;SC
Produto 3;4;11.9;47.6;07/06/2023 09:03;AM
Produto 4;9;26.84;241.56;16/04/2023 19:03;MG
Produto 4;7;35.04;245.28;17/04/2023 16:03;PE
Produto 7;7;30.63;214.41;24/03/2023 19:03;PR
Produto 3;2;9.36;18.72;14/02/2023 11:03;PR
Produto 1;5;10.4;52.0;20/06/2023 15:03;PR
Produto 8;6;37.14;222.84;14/12/2022 06:03;MG
Produto 5;1;27.29;27.29;23/07/2023 21:03;BA
Produto 9;3;18.84;56.52;12/04/2023 13:03;RS
Produto 8;9;34.3;308.7;20/05/2023 03:03;SC
Produto 9;3;16.23;48.69;15/03/2023 12:03;AM
Produto 9;2;20.88;41.76;06/07/2023 07:03;MG
Produto 3;6;15.35;92.1;14/06/2023 20:03;MG
Produto 5;10;24.71;247.1;10/07/2023 14:03;RJ
Produto 5;5;24.76;123.8;15/03/2023 00:03;PR
Produto 1;1;9.59;9.59;12/07/2023 19:03;SP
Produto 6;6;12.64;75.84;13/05/2023 14:03;MG
Produto 6;3;10.52;31.56;20/06/2023 23:03;MG
Produto 7;9;42.04;378.36;06/03/2023 18:03;AM
Produto 6;5;15.26;76.3;11/10/2023 23:03;RJ
Produto 5;1;27.1;27.1;15/05/2023 07:03;SC
Produto 5;1;27.25;27.25;10/04/2023 20:03;MG
Produto 9;6;20.06;120.36;09/04/2023 09:03;RS
Produto 9;1;19.07;19.07;01/05/2023 12:03;RS
Produto 2;3;20.93;62.79;21/04/2023 00:03;MG
Produto 2;8;19.92;159.36;31/12/2022 06:03;SC
Produto 6;1;6.02;6.02;22/06/2023 08:03;AM
Produto 6;9;14.56;131.04;06/11/2022 07:03;SP
Produto 3;5;11.64;58.2;19/07/2023 18:03;BA
Produto 8;1;32.9;32.9;19/04/2023 22:03;RJ
Produto 10;2;8.21;16.42;19/02/2023 03:03;PE
Produto 4;8;26.9;215.2;04/07/2023 11:03;RJ
Produto 4;2;35.51;71.02;19/02/2023 13:03;AM
Produto 3;9;16.36;147.24;08/05/2023 03:03;MG
Produto 1;4;14.89;59.56;13/02/2023 21:03;SC
Produto 4;9;27.92;251.28;12/05/2023 07:03;RS
Produto 1;7;10.51;73.57;02/06/2023 01:03;CE
Produto 7;7;37.0;259.0;21/04/2023 11:03;PE
Produto 2;5;20.44;102.2;28/01/2023 17:03;CE
Produto 3;8;16.46;131.68;05/09/2023 10:03;AM
Produto 9;6;20.5;123.0;06/12/2022 03:03;CE
Produto 8;3;35.43;106.29;30/04/2023 12:03;SP
Produto 9;1;25.09;25.09;12/04/2023 12:03;CE
Produto 7;1;41.32;41.32;20/06/2023 05:03;MG
Produto 10;5;15.21;76.05;29/12/2022 19:03;RS
Produto 3;2;19.39;38.78;13/11/2022 13:03;SP
Produto 3;2;16.03;32.06;03/04/2023 20:03;RJ
Produto 5;4;23.97;95.88;21/08/2023 23:03;MG
Produto 4;1;23.57;23.57;11/09/2023 13:03;AM
Produto 2;9;21.66;194.94;21/09/2023 23:03;BA
Produto 4;1;37.86;37.86;13/04/2023 09:03;BA
Produto 5;8;21.85;174.8;06/08/2023 16:03;RS
Produto 3;8;19.52;156.16;16/06/2023 18:03;PE
Produto 2;8;18.76;150.08;01/03/2023 23:03;CE
Produto 8;10;36.86;368.6;20/10/2023 17:03;SP
Produto 8;2;34.71;69.42;27/02/2023 22:03;MG
Produto 7;6;37.7;226.2;02/04/2023 09:03;SC
Produto 5;1;22.89;22.89;12/03/2023 07:03;RJ
Produto 4;10;33.14;331.4;06/02/2023 03:03;PR
Produto 2;3;21.65;64.95;16/05/2023 09:03;CE
Produto 9;10;24.07;240.7;22/10/2023 20:03;BA
Produto 4;5;34.71;173.55;09/10/2023 06:03;RS
;3;16.33;;21/01/2023 05:03;AM
Produto 4;1;39.2;39.2;27/03/2023 08:03;PR
Produto 1;8;7.25;58.0;03/09/2023 21:03;CE
Produto 6;3;15.11;45.33;28/08/2023 12:03;SC
Produto 1;9;9.3;83.7;20/01/2023 05:03;AM
Produto 8;7;31.01;217.07;23/08/2023 08:03;PR
Produto 5;3;24.29;72.87;09/05/2023 13:03;SC
Produto 6;6;16.94;101.64;29/11/2022 21:03;PE
Produto 2;3;16.25;48.75;24/05/2023 05:03;PR
Produto 8;2;38.55;77.1;30/10/2022 17:03;AM
Produto 6;4;3.95;15.8;22/10/2023 11:03;SC
Produto 1;4;13.36;53.44;03/09/2023 22:03;CE
Produto 8;10;35.62;356.2;26/12/2022 21:03;SC
Produto 4;3;28.23;84.69;17/03/2023 07:03;AM
Produto 9;6;16.73;100.38;30/12/2022 00:03;CE
Produto 8;6;32.48;194.88;26/06/2023 11:03;RS
Produto 8;3;35.79;107.37;29/04/2023 04:03;RJ
Produto 5;5;25.99;129.95;18/05/2023 20:03;CE
Produto 3;1;9.42;9.42;03/02/2023 16:03;PR
Produto 4;3;35.05;105.15;20/12/2022 00:03;RJ
Produto 6;8;11.53;92.24;27/09/2023 22:03;PE
Produto 10;3;6.0;18.0;03/11/2022 14:03;PR
Produto 1;4;12.15;48.6;10/05/2023 01:03;RS
Produto 4;3;32.14;96.42;01/12/2022 19:03;CE
Produto 9;5;18.5;92.5;10/02/2023 17:03;BA
Produto 10;5;17.65;88.25;29/09/2023 10:03;MG
Produto 5;4;23.1;92.4;07/05/2023 12:03;SC
Produto 8;1;35.56;35.56;01/07/2023 19:03;SP
Produto 2;1;22.36;22.36;12/01/2023 09:03;MG
Produto 1;3;10.32;30.96;23/01/2023 16:03;RJ
Produto 8;2;37.0;74.0;15/12/2022 16:03;SC
Produto 5;4;25.88;103.52;30/07/2023 12:03;CE
Produto 5;4;22.03;88.12;29/10/2022 23:03;SC
Produto 3;1;16.36;16.36;07/02/2023 02:03;RJ
Produto 8;1;35.29;35.29;15/10/2023 21:03;SC
Produto 1;6;9.89;59.34;03/11/2022 11:03;PE
Produto 6;9;11.0;99.0;16/11/2022 10:03;RJ
Produto 4;3;34.59;103.77;03/02/2023 20:03;CE
Produto 8;8;35.79;286.32;20/03/2023 08:03;SP
Produto 6;8;9.91;79.28;27/03/2023 11:03;SP
Produto 2;2;16.23;32.46;09/10/2023 09:03;SP
Produto 7;3;50.05;150.15;13/03/2023 18:03;RJ
Produto 2;6;17.6;105.6;18/01/2023 12:03;AM
Produto 10;9;14.43;129.87;20/10/2023 06:03;PE
Produto 10;5;6.34;31.7;06/07/2023 22:03;PE
Produto 2;3;17.09;51.27;31/01/2023 01:03;RJ
Produto 8;5;36.3;181.5;23/12/2022 17:03;SC
Produto 3;9;13.67;123.03;26/12/2022 14:03;PR
Produto 9;10;20.75;207.5;17/04/2023 04:03;RJ
Produto 1;9;9.06;81.54;22/04/2023 14:03;RS
Produto 3;1;18.12;18.12;22/01/2023 06:03;PE
Produto 10;4;4.93;19.72;13/04/2023 00:03;SC
Produto 7;4;41.63;166.52;21/01/2023 23:03;RJ
Produto 9;8;18.99;151.92;14/02/2023 15:03;SC
Produto 8;3;37.73;113.19;06/08/2023 07:03;SC
Produto 3;8;16.52;132.16;08/07/2023 06:03;RJ
Produto 9;9;22.16;199.44;06/01/2023 19:03;RJ
Produto 6;8;13.52;108.16;04/02/2023 20:03;RJ
Produto 8;5;35.72;178.6;08/06/2023 23:03;AM
Produto 8;3;36.9;110.7;01/08/2023 22:03;RS
Produto 3;1;23.06;23.06;15/01/2023 00:03;PR
Produto 5;1;24.38;24.38;24/04/2023 04:03;SP
Produto 6;7;13.92;97.44;19/09/2023 05:03;BA
Produto 5;1;26.53;26.53;22/02/2023 12:03;RJ
Produto 3;3;14.58;43.74;09/11/2022 21:03;RJ
Produto 2;8;15.02;120.16;25/02/2023 23:03;RJ
Produto 2;10;19.33;193.3;24/10/2023 21:03;CE
Produto 9;5;19.19;95.95;06/07/2023 22:03;PE
Produto 4;6;26.14;156.84;28/09/2023 21:03;RS
Produto 2;2;24.3;48.6;12/01/2023 18:03;BA
Produto 10;8;9.28;74.24;02/08/2023 16:03;SC
Produto 7;7;36.06;252.42;16/09/2023 05:03;MG
Produto 4;6;32.56;195.36;07/04/2023 01:03;AM
Produto 8;4;35.1;140.4;13/05/2023 01:03;SC
Produto 4;10;30.48;304.8;11/08/2023 13:03;RS
Produto 9;10;14.43;144.3;17/09/2023 12:03;BA
Produto 8;7;34.7;242.9;19/12/2022 13:03;SC
Produto 3;2;11.74;23.48;17/04/2023 10:03;RS
Produto 2;8;18.97;151.76;21/11/2022 20:03;SP
Produto 9;9;24.29;218.61;29/01/2023 04:03;CE
Produto 6;8;10.28;82.24;08/09/2023 12:03;MG
Produto 8;5;33.5;167.5;06/04/2023 19:03;BA
Produto 9;4;19.72;78.88;09/08/2023 10:03;AM
Produto 4;9;29.49;265.41;20/08/2023 08:03;RS
Produto 9;1;20.14;20.14;26/09/2023 02:03;RS
Produto 10;5;13.63;68.15;28/02/2023 11:03;RS
Produto 4;6;30.61;183.66;07/10/2023 03:03;AM
Produto 2;3;23.82;71.46;22/12/2022 01:03;PR
Produto 3;8;7.91;63.28;23/07/2023 21:03;MG
;2;11.29;22.58;18/05/2023 02:03;SP
Produto 2;4;19.03;76.12;24/07/2023 17:03;SP
Produto 8;6;34.6;207.6;03/11/2022 14:03;MG
Produto 5;1;25.7;25.7;21/03/2023 13:03;PE
Produto 6;6;13.32;79.92;15/06/2023 04:03;SP
Produto 1;7;11.67;81.69;02/02/2023 07:03;MG
Produto 8;10;34.46;344.6;03/04/2023 20:03;BA
Produto 2;4;18.49;73.96;06/09/2023 17:03;SC
Produto 8;8;33.82;270.56;05/11/2022 00:03;MG
Produto 1;10;9.71;97.1;27/12/2022 04:03;SC
Produto 8;4;35.78;143.12;20/05/2023 08:03;RJ
Produto 5;7;24.88;174.16;19/11/2022 20:03;AM
Produto 8;5;34.86;174.3;19/04/2023 07:03;AM
Produto 4;1;32.72;32.72;30/07/2023 20:03;AM
Produto 3;2;13.77;27.54;18/01/2023 14:03;PE
Produto 5;7;27.34;191.38;10/12/2022 21:03;MG
Produto 3;8;13.57;108.56;14/06/2023 06:03;RJ
Produto 10;1;11.27;11.27;11/02/2023 05:03;PR
Produto 9;8;21.14;169.12;11/08/2023 00:03;MG
Produto 7;7;40.31;282.17;29/03/2023 23:03;PE
Produto 5;10;27.48;274.8;07/01/2023 03:03;SP
Produto 9;1;19.35;19.35;07/12/2022 10:03;AM
Produto 4;7;20.31;142.17;23/03/2023 04:03;AM
Produto 10;2;18.85;37.7;22/09/2023 18:03;SP
Produto 1;7;12.1;84.7;07/04/2023 18:03;SC
Produto 7;5;52.04;260.2;18/06/2023 11:03;PE
Produto 3;2;24.2;48.4;06/05/2023 12:03;PR
Produto 10;2;8.0;16.0;25/01/2023 00:03;SC
Produto 9;1;16.11;16.11;17/04/2023 11:03;AM
Produto 4;5;34.68;173.4;20/09/2023 15:03;RJ
Produto 9;10;22.9;229.0;25/04/2023 02:03;BA
Produto 6;1;9.0;9.0;12/09/2023 18:03;SP
Produto 7;6;31.38;188.28;16/12/2022 22:03;AM
Produto 6;7;9.75;68.25;18/10/2023 19:03;BA
Produto 9;10;20.43;204.3;20/01/2023 22:03;CE
Produto 7;8;41.35;330.8;10/08/2023 10:03;MG
Produto 9;8;23.75;190.0;24/09/2023 22:03;SC
Produto 10;1;10.79;10.79;28/10/2023 04:03;BA
Produto 4;7;32.3;226.1;17/03/2023 13:03;CE
Produto 5;3;23.6;70.8;06/01/2023 03:03;RJ
Produto 5;3;23.41;70.23;14/02/2023 20:03;AM
Produto 2;2;22.07;44.14;10/06/2023 16:03;CE
Produto 8;10;31.17;311.7;22/04/2023 04:03;AM
Produto 6;7;14.94;104.58;28/10/2023 01:03;SP
Produto 1;9;8.86;79.74;10/04/2023 10:03;CE
Produto 1;4;11.56;46.24;16/02/2023 18:03;PE
Produto 6;9;9.21;82.89;21/02/2023 19:03;PR
Produto 10;4;18.27;73.08;26/03/2023 13:03;AM
Produto 2;3;16.5;49.5;16/06/2023 17:03;BA
Produto 10;9;8.09;72.81;27/11/2022 13:03;AM
Produto 10;6;14.0;84.0;27/05/2023 19:03;BA
Produto 9;6;18.85;113.1;20/05/2023 13:03;RJ
Produto 10;4;8.69;34.76;07/11/2022 09:03;SP
Produto 10;4;12.33;49.32;19/07/2023 23:03;SP
Produto 8;7;36.16;253.12;21/05/2023 15:03;PE
Produto 9;2;18.67;37.34;24/11/2022 01:03;MG
Produto 8;10;36.61;366.1;02/07/2023 20:03;PR
Produto 8;3;34.68;104.04;19/05/2023 21:03;RS
Produto 2;10;16.98;169.8;14/05/2023 00:03;PE
Produto 6;8;12.25;98.0;30/08/2023 03:03;AM
Produto 7;1;41.24;41.24;24/03/2023 12:03;PR
Produto 8;5;31.08;155.4;17/06/2023 02:03;RJ
Produto 9;4;17.75;71.0;25/06/2023 12:03;RS
Produto 6;4;13.42;53.68;26/08/2023 12:03;BA
Produto 7;4;46.64;186.56;11/09/2023 07:03;MG
Produto 1;5;8.7;43.5;06/05/2023 17:03;CE
Produto 5;10;26.97;269.7;30/09/2023 05:03;PR
Produto 1;10;11.51;115.1;13/02/2023 21:03;PR
Produto 4;6;28.61;171.66;24/12/2022 16:03;BA
Produto 4;8;24.76;198.08;05/11/2022 14:03;BA
Produto 10;1;8.73;8.73;22/10/2023 15:03;SP
Produto 8;6;34.21;205.26;07/12/2022 04:03;RJ
Produto 6;2;10.29;20.58;06/06/2023 17:03;BA
Produto 10;2;15.9;31.8;07/06/2023 00:03;SP
Produto 3;6;19.6;117.6;13/03/2023 15:03;PE
Produto 3;3;16.04;48.12;15/01/2023 09:03;MG
Produto 6;6;8.58;51.48;13/11/2022 15:03;BA
Produto 9;10;17.96;179.6;11/09/2023 06:03;AM
Produto 7;6;41.16;246.96;06/09/2023 01:03;CE
Produto 10;10;15.51;155.1;14/03/2023 12:03;CE
Produto 8;6;31.31;187.86;25/09/2023 03:03;BA
Produto 10;4;10.02;40.08;08/11/2022 12:03;MG
Produto 4;7;42.76;299.32;22/03/2023 00:03;PE
Produto 8;5;37.16;185.8;08/12/2022 21:03;SC
Produto 2;5;20.01;100.05;21/12/2022 18:03;MG
Produto 10;2;16.46;32.92;24/12/2022 05:03;CE
Produto 8;3;36.21;108.63;15/04/2023 23:03;PE
Produto 6;3;10.68;32.04;05/03/2023 06:03;PR
Produto 5;4;23.75;95.0;01/06/2023 06:03;PE
Produto 9;2;15.57;31.14;22/10/2023 16:03;BA
;6;12.1;72.6;02/07/2023 03:03;PR
Produto 5;3;27.44;82.32;06/09/2023 15:03;CE
Produto 4;2;26.85;53.7;11/12/2022 12:03;SC
Produto 2;1;19.14;19.14;26/06/2023 18:03;PR
Produto 10;5;9.57;47.85;28/02/2023 06:03;BA
Produto 2;5;16.96;84.8;14/08/2023 08:03;SP
Produto 3;7;23.28;162.96;19/05/2023 21:03;BA
Produto 7;10;47.74;477.4;04/02/2023 18:03;RJ
Produto 10;9;5.5;49.5;26/12/2022 03:03;SP
Produto 2;3;23.29;69.87;08/08/2023 13:03;SC
Produto 9;6;19.45;116.7;04/09/2023 17:03;RJ
Produto 5;4;22.48;89.92;17/11/2022 00:03;PR
Produto 1;8;9.2;73.6;12/10/2023 22:03;SP
Produto 7;1;30.19;30.19;25/10/2023 11:03;RJ
Produto 10;4;13.55;54.2;15/01/2023 00:03;PE
Produto 1;5;7.25;36.25;04/05/2023 10:03;RJ
Produto 8;2;36.94;73.88;26/07/2023 04:03;RJ
Produto 5;9;26.52;238.68;22/11/2022 16:03;SC
Produto 10;3;8.62;25.86;28/09/2023 04:03;SP
Produto 7;8;38.9;311.2;15/12/2022 20:03;PE
Produto 7;1;43.78;43.78;07/05/2023 11:03;AM
Produto 7;2;44.13;88.26;29/04/2023 14:03;CE
Produto 9;7;17.32;121.24;28/12/2022 17:03;RS
Produto 3;4;15.22;60.88;31/05/2023 19:03;RS
Produto 10;5;14.21;71.05;26/01/2023 08:03;PE
Produto 8;5;37.77;188.85;12/11/2022 11:03;PE
Produto 8;2;31.45;62.9;02/12/2022 10:03;AM
Produto 4;7;34.05;238.35;12/05/2023 22:03;SC
Produto 4;6;38.18;229.08;08/11/2022 02:03;SC
Produto 3;5;16.11;80.55;27/06/2023 03:03;SC
Produto 10;5;8.3;41.5;06/10/2023 22:03;AM
Produto 9;5;15.95;79.75;07/08/2023 21:03;CE
Produto 5;9;24.43;219.87;30/10/2022 14:03;PR
Produto 9;1;20.25;20.25;20/10/2023 06:03;RJ
Produto 5;7;21.29;149.03;15/10/2023 16:03;MG
Produto 2;10;18.74;187.4;07/01/2023 08:03;RJ
Produto 2;10;25.51;255.1;28/06/2023 05:03;PE
Produto 5;3;22.55;67.65;28/05/2023 05:03;PR
Produto 1;9;13.13;118.17;16/05/2023 07:03;MG
Produto 6;4;8.53;34.12;21/02/2023 16:03;AM
Produto 10;2;12.32;24.64;19/04/2023 05:03;PR
Produto 6;9;8.24;74.16;10/07/2023 20:03;SP
Produto 2;4;23.43;93.72;05/06/2023 14:03;CE
Produto 7;8;32.19;257.52;21/10/2023 13:03;SC
Produto 8;4;34.22;136.88;03/10/2023 11:03;PE
Produto 2;3;22.93;68.79;08/12/2022 00:03;PR
Produto 4;2;34.01;68.02;30/04/2023 09:03;MG
Produto 3;10;14.65;146.5;11/04/2023 23:03;BA
Produto 10;4;10.69;42.76;16/04/2023 14:03;SC
Produto 5;9;25.68;231.12;26/08/2023 07:03;CE
Produto 6;4;12.24;48.96;14/07/2023 08:03;AM
Produto 10;2;15.69;31.38;19/01/2023 11:03;RJ
Produto 10;8;8.63;69.04;27/06/2023 02:03;SC
Produto 8;1;36.23;36.23;15/08/2023 14:03;SC
Produto 7;5;42.43;212.15;12/11/2022 02:03;PR
Produto 3;10;8.94;89.4;23/03/2023 10:03;SC
Produto 4;7;15.61;109.27;07/08/2023 08:03;PE
Produto 1;7;10.99;76.93;05/05/2023 01:03;PE
Produto 2;7;15.19;106.33;21/01/2023 11:03;BA
Produto 2;7;23.76;166.32;08/01/2023 01:03;PR
Produto 1;6;8.84;53.04;21/06/2023 05:03;MG
Produto 5;4;24.8;99.2;18/06/2023 21:03;CE
Produto 4;5;30.18;150.9;18/02/2023 19:03;SC
;1;11.01;11.01;06/08/2023 20:03;AM
Produto 9;5;22.03;110.15;14/02/2023 11:03;SC
Produto 1;10;12.28;122.8;19/11/2022 15:03;PE
Produto 4;9;25.54;229.86;04/01/2023 01:03;SC
Produto 8;2;36.18;72.36;20/03/2023 10:03;SC
Produto 5;3;24.56;73.68;05/03/2023 12:03;PR
Produto 8;5;36.46;182.3;10/05/2023 01:03;SC
Produto 1;3;10.82;32.46;25/08/2023 01:03;PR
Produto 10;9;5.7;51.3;05/11/2022 00:03;SP
Produto 8;3;33.86;101.58;07/10/2023 02:03;MG
Produto 5;10;27.59;275.9;30/07/2023 07:03;AM
Produto 8;9;35.96;323.64;16/06/2023 10:03;RS
Produto 5;9;24.31;218.79;09/05/2023 05:03;PR
Produto 3;2;11.19;22.38;01/12/2022 21:03;PE
Produto 3;4;13.71;54.84;16/11/2022 10:03;SC
Produto 1;4;8.2;32.8;04/04/2023 12:03;PR
Produto 1;5;8.28;41.4;17/03/2023 04:03;CE
Produto 2;8;17.63;141.04;13/08/2023 03:03;MG
Produto 6;4;10.71;42.84;06/11/2022 15:03;SC
Produto 6;9;15.08;135.72;27/11/2022 06:03;RJ
Produto 10;2;11.31;22.62;21/09/2023 16:03;SP
Produto 3;2;17.84;35.68;30/10/2022 08:03;MG
Produto 4;3;26.56;79.68;27/05/2023 16:03;BA
Produto 4;8;29.74;237.92;13/12/2022 12:03;MG
Produto 10;5;11.45;57.25;17/12/2022 01:03;AM
Produto 6;5;6.65;33.25;28/05/2023 18:03;PR
Produto 5;10;20.52;205.2;17/02/2023 11:03;RS
Produto 9;6;15.31;91.86;26/12/2022 16:03;BA
Produto 7;5;34.07;170.35;12/07/2023 11:03;AM
Produto 5;7;25.87;181.09;29/08/2023 05:03;PR
Produto 6;4;7.47;29.88;19/12/2022 05:03;SP
Produto 10;3;12.82;38.46;24/11/2022 07:03;AM
Produto 2;3;17.01;51.03;14/12/2022 05:03;CE
Produto 4;10;32.98;329.8;04/02/2023 01:03;BA
Produto 7;2;35.34;70.68;04/11/2022 09:03;SC
Produto 6;2;12.54;25.08;05/02/2023 02:03;PE
Produto 4;5;22.63;113.15;11/05/2023 20:03;BA
Produto 9;1;20.81;20.81;15/12/2022 07:03;RJ
Produto 7;6;37.73;226.38;31/05/2023 01:03;RJ
Produto 5;6;24.61;147.66;06/01/2023 19:03;PR
Produto 7;10;36.95;369.5;08/11/2022 23:03;RJ
Produto 7;6;39.25;235.5;20/06/2023 01:03;PE
Produto 6;8;3.8;30.4;08/06/2023 06:03;AM
Produto 4;3;21.1;63.3;15/02/2023 14:03;PR
Produto 9;2;19.78;39.56;20/08/2023 20:03;AM
Produto 5;8;24.99;199.92;07/03/2023 07:03;RJ
Produto 6;3;10.11;30.33;10/05/2023 14:03;PR
Produto 10;6;10.64;63.84;14/02/2023 15:03;PE
Produto 8;6;33.89;203.34;19/11/2022 10:03;CE
Produto 3;5;14.64;73.2;19/10/2023 16:03;SC
Produto 7;9;50.64;455.76;06/03/2023 04:03;SP
Produto 6;5;14.19;70.95;05/01/2023 21:03;BA
Produto 9;5;21.41;107.05;19/02/2023 05:03;SP
Produto 1;3;7.28;21.84;21/01/2023 23:03;BA
Produto 2;8;21.4;171.2;25/05/2023 17:03;SC
Produto 9;1;20.76;20.76;12/01/2023 07:03;AM
Produto 2;4;20.17;80.68;19/03/2023 19:03;PE
Produto 2;1;18.95;18.95;18/10/2023 23:03;SC
Produto 4;6;32.81;196.86;12/06/2023 14:03;AM
Produto 10;10;11.96;119.6;15/01/2023 03:03;BA
Produto 10;4;10.2;40.8;30/09/2023 10:03;SC
Produto 6;3;11.0;33.0;28/03/2023 00:03;SC
Produto 6;7;5.46;38.22;02/09/2023 21:03;PR
Produto 5;2;25.89;51.78;23/08/2023 23:03;SC
Produto 3;4;16.55;66.2;19/02/2023 08:03;AM
Produto 3;9;17.03;153.27;25/01/2023 00:03;BA
Produto 1;9;11.62;104.58;21/01/2023 05:03;PE
Produto 10;7;11.85;82.95;15/02/2023 20:03;CE
Produto 6;5;10.29;51.45;17/05/2023 03:03;MG
Produto 6;7;8.17;57.19;10/04/2023 03:03;RS
Produto 5;9;23.36;210.24;26/12/2022 07:03;PE
Produto 6;8;8.12;64.96;22/02/2023 22:03;SP
Produto 8;10;33.86;338.6;10/08/2023 09:03;SP
Produto 4;9;29.25;263.25;09/07/2023 19:03;MG
Produto 4;3;25.96;77.88;11/01/2023 08:03;RS
Produto 8;2;36.4;72.8;22/10/2023 07:03;PR
Produto 9;7;17.87;125.09;18/01/2023 17:03;SC
Produto 5;1;27.14;27.14;11/06/2023 12:03;BA
Produto 3;2;16.59;33.18;13/02/2023 13:03;BA
Produto 3;2;18.28;36.56;28/11/2022 21:03;AM
Produto 10;9;18.16;163.44;17/06/2023 14:03;SP
Produto 9;7;23.89;167.23;12/12/2022 16:03;SC
Produto 6;1;11.86;11.86;26/03/2023 23:03;CE
Produto 7;4;32.89;131.56;10/03/2023 22:03;MG
Produto 8;8;34.4;275.2;23/01/2023 06:03;PE
Produto 4;6;37.84;227.04;05/11/2022 06:03;PE
Produto 3;7;15.98;111.86;24/03/2023 02:03;SC
Produto 2;2;16.54;33.08;06/12/2022 17:03;RS
Produto 6;5;7.66;38.3;04/07/2023 20:03;MG
Produto 6;6;10.41;62.46;18/04/2023 09:03;PR
Produto 5;6;24.88;149.28;22/01/2023 03:03;MG
Produto 8;3;35.87;107.61;24/11/2022 05:03;PR
Produto 3;7;19.94;139.58;02/10/2023 01:03;SC
Produto 3;8;16.66;133.28;04/04/2023 12:03;SC
Produto 1;8;9.94;79.52;15/09/2023 08:03;PE
Produto 1;6;7.52;45.12;30/05/2023 16:03;PR
Produto 9;4;15.83;63.32;19/09/2023 22:03;RS
Produto 3;7;16.61;116.27;09/09/2023 11:03;MG
Produto 9;8;26.53;212.24;21/03/2023 02:03;MG
Produto 4;3;29.29;87.87;29/01/2023 22:03;BA
Produto 9;3;22.81;68.43;15/02/2023 17:03;CE
Produto 2;9;17.48;157.32;04/02/2023 20:03;RS
;3;9.83;29.49;15/06/2023 10:03;AM
Produto 9;7;18.3;128.1;30/06/2023 03:03;PR
Produto 9;9;24.08;216.72;21/08/2023 10:03;AM
Produto 5;3;27.8;83.4;04/01/2023 21:03;AM
Produto 10;1;4.27;4.27;29/05/2023 11:03;SP
Produto 7;6;49.01;294.06;20/12/2022 10:03;RS
Produto 6;10;8.42;84.2;26/06/2023 13:03;RJ
Produto 6;10;10.6;106.0;23/12/2022 11:03;RS
Produto 3;10;14.51;145.1;06/10/2023 18:03;RS
Produto 10;9;8.65;77.85;07/11/2022 13:03;RS
Produto 3;4;11.4;45.6;23/12/2022 13:03;SP
Produto 1;10;12.33;123.3;11/06/2023 20:03;BA
Produto 2;5;17.49;87.45;14/03/2023 03:03;AM
Produto 9;1;17.12;17.12;07/03/2023 20:03;CE
Produto 2;6;19.22;115.32;22/06/2023 10:03;CE
Produto 8;2;39.43;78.86;26/01/2023 17:03;SP
Produto 10;5;14.0;70.0;04/05/2023 04:03;RJ
Produto 3;1;12.4;12.4;17/10/2023 10:03;AM
Produto 1;7;12.5;87.5;06/12/2022 02:03;RS
Produto 5;3;25.23;75.69;07/12/2022 10:03;BA
Produto 7;2;40.4;80.8;27/02/2023 11:03;AM
Produto 3;10;10.85;108.5;15/09/2023 12:03;MG
Produto 7;9;32.81;295.29;23/11/2022 04:03;PE
Produto 5;9;25.97;233.73;29/06/2023 09:03;SC
Produto 7;4;37.63;150.52;02/12/2022 14:03;SP
Produto 5;1;25.45;25.45;05/07/2023 14:03;MG
Produto 3;7;22.08;154.56;27/11/2022 20:03;MG
Produto 1;1;9.62;9.62;20/07/2023 10:03;PE
Produto 7;9;40.34;363.06;16/03/2023 09:03;SP
Produto 7;1;38.54;38.54;11/05/2023 15:03;SP
Produto 7;3;41.14;123.42;13/10/2023 01:03;MG
Produto 9;9;17.63;158.67;23/06/2023 09:03;PE
Produto 3;1;17.42;17.42;16/06/2023 05:03;BA
Produto 10;5;4.67;23.35;20/05/2023 07:03;PR
Produto 10;7;8.19;57.33;31/01/2023 22:03;CE
Produto 9;2;19.55;39.1;29/12/2022 07:03;PE
Produto 7;2;38.35;76.7;09/10/2023 12:03;PE
Produto 4;6;28.38;170.28;24/01/2023 00:03;RS
Produto 5;1;25.64;25.64;07/08/2023 02:03;RJ
Produto 10;4;2.77;11.08;22/07/2023 23:03;RJ
Produto 7;1;34.91;34.91;13/05/2023 19:03;SP
Produto 3;6;10.74;64.44;29/07/2023 19:03;CE
Produto 6;6;8.84;53.04;21/11/2022 02:03;PR
Produto 8;1;35.16;35.16;28/08/2023 05:03;BA
Produto 5;5;28.95;144.75;29/08/2023 06:03;RS
Produto 5;8;25.34;202.72;05/11/2022 18:03;PE
Produto 3;7;13.94;97.58;26/10/2023 09:03;SC
Produto 9;6;17.71;106.26;19/01/2023 23:03;PR
Produto 3;1;13.08;13.08;09/04/2023 01:03;PE
Produto 5;4;23.82;95.28;23/07/2023 20:03;PE
Produto 5;9;26.09;234.81;05/08/2023 11:03;CE
Produto 4;10;29.3;293.0;27/10/2023 07:03;RS
Produto 3;8;13.65;109.2;09/11/2022 12:03;RJ
Produto 10;7;11.09;77.63;17/11/2022 02:03;SC
Produto 9;2;21.9;43.8;08/01/2023 16:03;BA
Produto 7;3;39.17;117.51;22/05/2023 09:03;RS
Produto 4;7;34.51;241.57;17/02/2023 23:03;MG
Produto 4;9;30.73;276.57;26/01/2023 11:03;AM
Produto 8;7;37.45;262.15;16/07/2023 18:03;MG
Produto 2;1;17.83;17.83;28/08/2023 01:03;CE
Produto 1;2;10.1;20.2;23/07/2023 12:03;RJ
Produto 3;6;6.65;39.9;19/02/2023 03:03;PR
Produto 2;5;17.58;87.9;14/06/2023 15:03;SC
Produto 6;1;8.22;8.22;06/08/2023 11:03;PE
Produto 9;9;19.13;172.17;21/08/2023 01:03;MG
Produto 1;8;14.87;118.96;31/08/2023 16:03;BA
Produto 7;9;40.43;363.87;08/08/2023 11:03;RJ
Produto 9;10;19.34;193.4;30/11/2022 00:03;BA
Produto 10;7;15.65;109.55;14/12/2022 08:03;PR
Produto 7;8;38.15;305.2;28/04/2023 06:03;RS
Produto 3;6;11.46;68.76;02/07/2023 23:03;RS
Produto 4;8;30.13;241.04;19/03/2023 13:03;SC
Produto 10;10;9.22;92.2;30/10/2022 23:03;SP
Produto 3;2;19.77;39.54;30/09/2023 00:03;SC
Produto 1;9;12.34;111.06;06/10/2023 22:03;SC
Produto 8;2;32.94;65.88;10/02/2023 06:03;AM
Produto 3;1;13.34;13.34;03/11/2022 11:03;SP
Produto 10;9;4.75;42.75;01/08/2023 11:03;SC
Produto 10;2;9.65;19.3;16/12/2022 07:03;BA
Produto 2;10;19.54;195.4;29/07/2023 16:03;MG
Produto 4;9;22.93;206.37;02/01/2023 02:03;SC
Produto 6;2;12.74;25.48;08/12/2022 11:03;AM
Produto 7;7;35.76;250.32;28/05/2023 12:03;CE
Produto 4;4;20.27;81.08;25/07/2023 03:03;AM
Produto 2;6;20.68;124.08;28/10/2023 12:03;CE
Produto 3;3;15.27;45.81;26/09/2023 20:03;SP
Produto 3;10;12.11;121.1;24/01/2023 13:03;MG
Produto 4;2;30.4;60.8;29/04/2023 04:03;SP
Produto 10;10;14.87;148.7;19/12/2022 11:03;RJ
Produto 7;1;40.78;40.78;21/07/2023 00:03;BA
Produto 2;6;16.22;97.32;06/10/2023 03:03;CE
Produto 5;1;24.18;24.18;22/03/2023 14:03;BA
Produto 6;9;12.89;116.01;05/02/2023 17:03;PE
Produto 1;3;10.3;30.9;04/09/2023 12:03;RS
Produto 4;3;40.46;121.38;03/11/2022 07:03;CE
Produto 2;10;22.38;223.8;26/07/2023 22:03;SC
Produto 5;5;24.99;124.95;21/05/2023 11:03;CE
Produto 7;2;30.5;61.0;12/08/2023 04:03;PE
Produto 6;8;11.56;92.48;10/12/2022 22:03;PE
Produto 9;5;22.59;112.95;22/03/2023 08:03;PE
Produto 1;2;9.07;18.14;12/07/2023 03:03;PR
Produto 8;5;37.46;187.3;01/04/2023 07:03;PE
Produto 9;10;17.57;175.7;09/11/2022 03:03;CE
Produto 5;9;24.41;219.69;17/07/2023 02:03;SC
Produto 4;2;33.66;67.32;12/02/2023 11:03;CE
Produto 1;10;7.53;75.3;12/07/2023 17:03;PR
Produto 1;2;10.39;20.78;26/11/2022 02:03;PE
Produto 1;7;6.52;45.64;01/10/2023 17:03;RJ
Produto 4;3;29.51;88.53;14/05/2023 08:03;BA
Produto 7;6;45.86;275.16;30/12/2022 12:03;AM
Produto 3;3;8.52;25.56;20/12/2022 05:03;RS
Produto 4;3;25.29;75.87;28/09/2023 01:03;MG
Produto 6;10;15.31;153.1;19/10/2023 17:03;RJ
Produto 3;10;13.88;138.8;04/12/2022 19:03;BA
Produto 10;2;5.9;11.8;19/05/2023 16:03;MG
Produto 9;9;19.79;178.11;19/06/2023 10:03;RJ
Produto 7;10;36.91;369.1;18/07/2023 12:03;RS
Produto 9;4;19.34;77.36;04/07/2023 04:03;RS
Produto 5;4;26.67;106.68;28/09/2023 07:03;BA
Produto 1;8;10.99;87.92;04/10/2023 02:03;PE
Produto 2;9;19.45;175.05;08/08/2023 21:03;PE
Produto 7;8;42.59;340.72;24/12/2022 14:03;PR
Produto 8;1;35.34;35.34;29/01/2023 14:03;SC
Produto 3;5;13.79;68.95;25/11/2022 16:03;SC
Produto 5;6;24.26;145.56;26/03/2023 04:03;RJ
Produto 7;2;42.63;85.26;20/09/2023 04:03;RJ
Produto 7;4;37.26;149.04;26/04/2023 17:03;SP
Produto 5;8;25.92;207.36;16/05/2023 01:03;CE
Produto 10;1;9.96;9.96;29/08/2023 14:03;RS
Produto 3;9;11.27;101.43;28/01/2023 03:03;AM
Produto 9;6;20.02;120.12;07/03/2023 11:03;BA
Produto 5;1;28.86;28.86;26/12/2022 03:03;RJ
Produto 2;5;24.64;123.2;30/03/2023 10:03;MG
Produto 3;5;17.79;88.95;31/08/2023 16:03;RS
Produto 9;4;11.86;47.44;01/03/2023 04:03;BA
Produto 10;2;11.68;23.36;27/11/2022 06:03;RS
Produto 10;5;11.8;59.0;11/10/2023 18:03;SC
Produto 1;9;11.85;106.65;13/06/2023 22:03;BA
Produto 6;7;10.62;74.34;15/10/2023 01:03;RJ
Produto 9;9;19.95;179.55;01/06/2023 01:03;CE
Produto 5;3;29.57;88.71;09/04/2023 00:03;MG
Produto 2;1;19.62;19.62;13/07/2023 23:03;CE
Produto 3;9;13.13;118.17;11/08/2023 13:03;MG
Produto 10;8;4.63;37.04;18/07/2023 09:03;MG
Produto 7;3;26.54;79.62;22/03/2023 15:03;CE
Produto 4;6;27.6;165.6;12/03/2023 03:03;MG
Produto 7;7;38.69;270.83;30/08/2023 16:03;SC
Produto 5;4;22.09;88.36;20/04/2023 15:03;AM
Produto 9;10;16.19;161.9;06/04/2023 03:03;RJ
Produto 8;3;36.97;110.91;14/08/2023 13:03;SP
Produto 8;3;33.34;100.02;06/02/2023 16:03;AM
Produto 1;4;14.06;56.24;20/09/2023 04:03;SP
Produto 5;10;26.8;268.0;07/03/2023 21:03;PR
Produto 7;6;39.4;236.4;28/05/2023 01:03;SP
Produto 2;10;23.24;232.4;09/11/2022 21:03;RJ
Produto 3;9;12.13;109.17;03/04/2023 11:03;AM
Produto 8;5;37.0;185.0;10/04/2023 11:03;RS
Produto 3;7;11.13;77.91;18/05/2023 04:03;BA
Produto 2;5;19.85;99.25;07/06/2023 14:03;BA
Produto 2;5;19.12;95.6;25/02/2023 03:03;SC
Produto 6;1;13.28;13.28;21/08/2023 09:03;CE
Produto 4;8;27.51;220.08;19/08/2023 04:03;MG
Produto 1;10;11.0;110.0;13/11/2022 05:03;RJ
Produto 9;5;14.21;71.05;25/03/2023 12:03;RS
Produto 7;3;39.44;118.32;20/01/2023 19:03;CE
Produto 9;6;24.68;148.08;27/11/2022 19:03;AM
Produto 10;3;10.9;32.7;06/12/2022 12:03;PE
Produto 5;8;22.78;182.24;18/02/2023 02:03;BA
Produto 8;8;35.0;280.0;28/01/2023 12:03;PE
Produto 1;10;7.29;72.9;29/05/2023 06:03;PE
Produto 5;7;22.28;155.96;08/05/2023 09:03;BA
Produto 1;3;10.39;31.17;08/06/2023 11:03;RS
Produto 5;3;28.03;84.09;16/01/2023 16:03;RS
Produto 3;5;11.16;55.8;21/04/2023 14:03;MG
Produto 1;4;9.58;38.32;27/08/2023 20:03;SC
Produto 7;8;30.73;245.84;22/08/2023 21:03;MG
Produto 3;6;20.27;121.62;21/06/2023 10:03;PR
Produto 10;9;8.1;72.9;28/09/2023 00:03;PE
Produto 1;4;12.24;48.96;16/12/2022 17:03;SP
Produto 6;9;11.67;105.03;05/11/2022 15:03;CE
Produto 4;1;25.7;25.7;29/12/2022 20:03;CE
Produto 5;10;25.8;258.0;12/01/2023 09:03;PR
Produto 3;5;18.86;94.3;18/04/2023 06:03;SC
Produto 2;4;19.23;76.92;23/08/2023 04:03;CE
Produto 6;1;10.16;10.16;20/10/2023 09:03;RJ
Produto 1;3;10.87;32.61;06/02/2023 04:03;CE
Produto 9;6;22.39;134.34;04/12/2022 14:03;BA
Produto 6;4;8.12;32.48;19/05/2023 12:03;PR
Produto 6;6;14.26;85.56;16/03/2023 13:03;RJ
Produto 3;9;13.53;121.77;28/08/2023 11:03;RS
Produto 7;1;42.63;42.63;12/12/2022 03:03;BA
Produto 9;1;24.59;24.59;28/09/2023 07:03;PR
Produto 7;8;42.25;338.0;31/10/2022 12:03;AM
Produto 6;9;6.9;62.1;16/08/2023 04:03;BA
Produto 10;8;11.02;88.16;14/06/2023 11:03;SC
Produto 3;3;11.82;35.46;28/01/2023 04:03;PR
Produto 2;2;17.3;34.6;06/12/2022 15:03;BA
Produto 8;8;33.05;264.4;24/07/2023 16:03;SP
Produto 6;2;7.81;15.62;04/03/2023 19:03;PR
Produto 3;7;20.65;144.55;17/12/2022 03:03;RS
Produto 10;8;12.74;101.92;10/10/2023 12:03;CE
Produto 3;3;18.23;54.69;25/09/2023 18:03;SC
Produto 4;3;25.19;75.57;02/03/2023 06:03;RS
Produto 4;2;29.74;59.48;13/07/2023 21:03;MG
Produto 7;4;37.5;150.0;02/07/2023 12:03;BA
Produto 8;5;34.11;170.55;25/07/2023 21:03;CE
Produto 10;3;14.08;42.24;05/06/2023 00:03;CE
Produto 2;10;23.06;230.6;29/06/2023 08:03;CE
Produto 6;3;10.31;30.93;01/07/2023 20:03;PR
Produto 7;10;43.95;439.5;29/10/2023 12:03;PE
Produto 7;3;43.13;129.39;12/02/2023 01:03;PR
Produto 2;5;14.85;74.25;31/12/2022 20:03;AM
Produto 2;4;19.36;77.44;30/04/2023 16:03;CE
Produto 5;5;25.05;125.25;20/11/2022 16:03;SP
Produto 8;2;40.32;80.64;11/01/2023 08:03;PE
Produto 8;9;30.85;277.65;12/05/2023 16:03;PR
Produto 7;6;34.07;204.42;22/12/2022 16:03;MG
Produto 8;3;35.49;106.47;04/06/2023 10:03;BA
Produto 2;9;19.32;173.88;06/11/2022 00:03;PE
Produto 1;1;8.67;8.67;11/03/2023 11:03;AM
Produto 2;2;20.42;40.84;03/05/2023 17:03;MG
Produto 3;7;11.53;80.71;02/04/2023 00:03;PR
Produto 5;2;23.53;47.06;09/03/2023 12:03;BA
Produto 4;1;27.77;27.77;30/11/2022 19:03;PE
Produto 3;6;19.15;114.9;29/10/2023 08:03;BA
Produto 4;5;32.64;163.2;02/05/2023 23:03;CE
Produto 7;3;36.2;108.6;23/02/2023 08:03;SC
Produto 2;5;13.8;69.0;29/05/2023 10:03;PR
Produto 2;4;25.31;101.24;04/02/2023 21:03;RJ
Produto 9;10;20.45;204.5;09/10/2023 11:03;PR
Produto 2;9;16.88;151.92;08/08/2023 05:03;RS
Produto 7;2;38.31;76.62;24/12/2022 04:03;AM
Produto 7;4;42.57;170.28;29/12/2022 00:03;AM
Produto 4;6;29.46;176.76;21/09/2023 10:03;SP
Produto 1;5;10.63;53.15;22/01/2023 04:03;PR
Produto 1;3;5.84;17.52;29/11/2022 10:03;MG
Produto 4;6;36.88;221.28;01/03/2023 12:03;BA
Produto 4;3;24.98;74.94;29/12/2022 11:03;PE
Produto 3;4;12.57;50.28;22/05/2023 22:03;AM
Produto 5;7;23.8;166.6;23/06/2023 01:03;CE
Produto 5;2;28.79;57.58;09/06/2023 02:03;BA
Produto 6;6;11.21;67.26;05/03/2023 14:03;SC
Produto 2;5;15.85;79.25;23/06/2023 00:03;AM
Produto 10;2;11.55;23.1;04/09/2023 12:03;BA
Produto 2;6;24.14;144.84;30/05/2023 09:03;PR
Produto 3;7;15.85;110.95;24/12/2022 12:03;PE
Produto 3;10;11.92;119.2;03/05/2023 00:03;SP
Produto 2;1;20.58;20.58;25/03/2023 21:03;AM
Produto 7;2;29.48;58.96;13/03/2023 09:03;SC
Produto 7;3;41.45;124.35;21/11/2022 14:03;PE
Produto 5;4;24.17;96.68;18/10/2023 01:03;PE
Produto 2;5;22.08;110.4;20/05/2023 07:03;PE
Produto 3;3;19.04;57.12;26/10/2023 10:03;PE
Produto 2;10;17.36;173.6;03/09/2023 07:03;AM
Produto 2;8;20.52;164.16;11/08/2023 04:03;AM
Produto 10;8;16.31;130.48;09/02/2023 08:03;AM
Produto 4;3;29.21;87.63;11/02/2023 01:03;SP
Produto 5;1;23.73;23.73;09/07/2023 18:03;MG
Produto 4;10;34.74;347.4;13/05/2023 13:03;RS
Produto 5;10;24.6;246.0;14/02/2023 07:03;RS
Produto 8;4;33.18;132.72;30/06/2023 20:03;BA
Produto 6;10;10.65;106.5;16/08/2023 00:03;SP
Produto 3;1;14.18;14.18;20/06/2023 21:03;MG
Produto 7;8;38.26;306.08;03/07/2023 01:03;SC
Produto 7;2;45.23;90.46;28/02/2023 07:03;SP
Produto 10;10;9.85;98.5;29/10/2023 04:03;MG
Produto 6;8;11.87;94.96;05/09/2023 18:03;SC
Produto 3;7;6.18;43.26;22/07/2023 10:03;PR
Produto 10;3;8.15;24.45;26/09/2023 13:03;SP
Produto 8;3;30.54;91.62;11/09/2023 07:03;CE
Produto 7;7;36.54;255.78;11/03/2023 05:03;SC
Produto 5;9;23.35;210.15;31/12/2022 04:03;PE
Produto 6;1;10.02;10.02;16/07/2023 18:03;SC
Produto 8;8;39.92;319.36;04/11/2022 19:03;PR
Produto 8;4;35.65;142.6;10/03/2023 23:03;SP
Produto 3;10;21.05;210.5;08/02/2023 10:03;SC
Produto 2;10;18.66;186.6;08/07/2023 16:03;PR
Produto 1;4;10.93;43.72;05/01/2023 10:03;RJ
Produto 2;10;20.97;209.7;14/09/2023 15:03;CE
Produto 3;7;12.86;90.02;12/07/2023 09:03;MG
Produto 4;7;32.77;229.39;08/06/2023 08:03;PR
Produto 10;4;2.44;9.76;16/10/2023 18:03;MG
Produto 5;5;24.44;122.2;20/01/2023 15:03;PE
Produto 5;7;23.18;162.26;03/01/2023 06:03;RS
Produto 7;6;45.12;270.72;16/08/2023 13:03;CE
Produto 2;6;17.76;106.56;19/07/2023 09:03;CE
Produto 7;2;31.75;63.5;29/09/2023 03:03;SC
Produto 9;8;20.65;165.2;17/12/2022 00:03;BA
Produto 5;7;27.61;193.27;02/05/2023 12:03;AM
Produto 2;9;18.39;165.51;16/05/2023 14:03;MG
Produto 3;4;10.91;43.64;13/03/2023 00:03;MG
Produto 5;7;24.33;170.31;15/08/2023 09:03;AM
Produto 6;1;6.65;6.65;09/02/2023 03:03;BA
Produto 9;8;24.21;193.68;14/02/2023 22:03;AM
Produto 3;2;14.13;28.26;06/11/2022 11:03;RS
Produto 5;6;23.44;140.64;20/06/2023 14:03;PR
Produto 7;4;41.72;166.88;13/10/2023 04:03;RJ
Produto 7;3;42.04;126.12;01/06/2023 01:03;MG
Produto 2;1;19.4;19.4;16/06/2023 13:03;MG
Produto 8;3;34.64;103.92;14/04/2023 05:03;PR
Produto 10;6;4.95;29.7;20/02/2023 08:03;CE
Produto 3;7;15.77;110.39;01/05/2023 22:03;PE
Produto 8;9;37.17;334.53;03/02/2023 22:03;SC
Produto 4;4;31.7;126.8;14/01/2023 07:03;PR
Produto 2;5;20.15;100.75;22/03/2023 12:03;PR
Produto 7;5;42.08;210.4;17/03/2023 00:03;MG
Produto 4;4;27.93;111.72;29/09/2023 13:03;CE
Produto 3;5;13.64;68.2;02/11/2022 20:03;RJ
Produto 8;1;33.11;33.11;15/04/2023 19:03;MG
Produto 9;9;19.07;171.63;30/07/2023 10:03;SP
Produto 8;3;38.18;114.54;14/04/2023 14:03;AM
Produto 5;9;24.22;217.98;30/12/2022 08:03;PR
Produto 5;6;25.34;152.04;29/12/2022 09:03;SC
Produto 8;9;33.58;302.22;30/05/2023 12:03;RJ
Produto 7;1;43.4;43.4;06/12/2022 18:03;RJ
Produto 9;6;21.7;130.2;27/12/2022 09:03;RS
Produto 10;6;6.52;39.12;09/04/2023 23:03;MG
Produto 1;5;12.95;64.75;07/12/2022 21:03;SC
Produto 5;10;24.93;249.3;07/04/2023 19:03;MG
Produto 4;1;36.95;36.95;19/07/2023 12:03;CE
Produto 7;4;38.6;154.4;21/05/2023 15:03;CE
Produto 6;8;13.28;106.24;26/11/2022 04:03;RS
Produto 1;10;13.19;131.9;02/06/2023 11:03;BA
Produto 2;10;25.6;256.0;05/11/2022 21:03;BA
Produto 1;2;12.75;25.5;20/12/2022 17:03;SP
Produto 1;6;10.68;64.08;02/01/2023 21:03;SP
Produto 4;9;22.52;202.68;24/02/2023 17:03;SP
Produto 10;3;13.72;41.16;11/09/2023 10:03;AM
Produto 8;7;34.0;238.0;17/04/2023 16:03;MG
Produto 3;3;15.97;47.91;30/09/2023 11:03;PR
Produto 5;3;27.11;81.33;01/10/2023 00:03;MG
Produto 1;8;12.01;96.08;31/10/2022 03:03;PR
Produto 5;4;25.96;103.84;22/06/2023 14:03;PR
Produto 4;9;24.95;224.55;12/03/2023 19:03;BA
Produto 4;10;24.59;245.9;10/05/2023 02:03;PR
Produto 1;5;11.39;56.95;20/11/2022 13:03;RJ
Produto 6;1;8.73;8.73;12/02/2023 23:03;SP
Produto 5;8;25.35;202.8;18/01/2023 18:03;RJ
Produto 9;6;20.79;124.74;05/09/2023 08:03;AM
Produto 2;10;20.71;207.1;19/05/2023 14:03;SP
Produto 9;7;17.12;119.84;24/01/2023 07:03;BA
Produto 3;9;7.83;70.47;22/12/2022 18:03;PR
Produto 3;1;18.44;18.44;14/11/2022 11:03;MG
Produto 9;8;22.05;176.4;10/12/2022 21:03;PR
Produto 6;8;7.6;60.8;25/10/2023 08:03;SC
Produto 7;7;45.09;315.63;08/07/2023 16:03;SP
Produto 5;5;25.18;125.9;23/01/2023 16:03;CE
Produto 6;6;9.01;54.06;30/03/2023 03:03;BA
Produto 7;4;33.22;132.88;19/11/2022 11:03;RJ
Produto 5;4;22.23;88.92;30/11/2022 10:03;AM
Produto 1;2;9.94;19.88;06/06/2023 14:03;RS
Produto 5;7;21.21;148.47;17/01/2023 09:03;RS
Produto 10;4;7.1;28.4;04/02/2023 01:03;SP
Produto 6;3;10.23;30.69;06/03/2023 15:03;BA
Produto 5;7;23.65;165.55;23/02/2023 21:03;AM
Produto 9;7;24.97;174.79;17/05/2023 00:03;BA
Produto 6;2;10.93;21.86;14/08/2023 14:03;PR
Produto 8;1;36.57;36.57;27/03/2023 00:03;MG
Produto 9;1;14.87;14.87;24/04/2023 15:03;BA
Produto 6;5;14.02;70.1;18/03/2023 09:03;BA
Produto 5;4;26.17;104.68;31/01/2023 20:03;RJ
Produto 7;9;32.57;293.13;07/12/2022 04:03;PE
Produto 2;10;21.02;210.2;27/10/2023 11:03;PE
Produto 2;1;18.83;18.83;20/08/2023 03:03;RJ
Produto 2;1;14.53;14.53;15/12/2022 17:03;SC
Produto 7;9;38.42;345.78;17/03/2023 21:03;PE
Produto 1;5;6.8;34.0;19/10/2023 08:03;AM
Produto 2;1;18.55;18.55;15/01/2023 09:03;RJ
Produto 2;10;18.33;183.3;02/09/2023 15:03;RS
Produto 9;7;15.88;111.16;04/04/2023 12:03;MG
Produto 3;10;20.1;201.0;31/08/2023 17:03;RS
Produto 6;8;8.22;65.76;20/06/2023 22:03;PE
Produto 3;8;14.24;113.92;29/05/2023 00:03;PE
Produto 2;4;21.65;86.6;16/11/2022 22:03;RJ
Produto 5;5;27.07;135.35;07/05/2023 18:03;CE
Produto 3;8;19.25;154.0;30/05/2023 17:03;RJ
Produto 3;7;12.5;87.5;25/04/2023 01:03;SC
Produto 6;2;7.46;14.92;16/12/2022 23:03;PE
Produto 6;7;8.46;59.22;26/07/2023 14:03;SP
Produto 1;9;11.87;106.83;02/04/2023 11:03;AM
Produto 5;8;24.0;192.0;07/10/2023 20:03;CE
Produto 3;1;13.58;13.58;18/10/2023 00:03;AM
Produto 1;5;8.83;44.15;24/07/2023 19:03;RJ
Produto 5;4;22.36;89.44;02/04/2023 03:03;PE
Produto 4;10;22.73;227.3;24/12/2022 14:03;RS
Produto 8;2;34.13;68.26;30/11/2022 10:03;AM
Produto 6;5;14.57;72.85;05/12/2022 09:03;RS
Produto 8;7;34.16;239.12;10/11/2022 19:03;AM
Produto 2;5;24.43;122.15;25/07/2023 14:03;SC
Produto 7;7;42.72;299.04;06/07/2023 00:03;SC
Produto 10;8;13.13;105.04;09/01/2023 08:03;SC
Produto 7;9;34.59;311.31;30/03/2023 16:03;RJ
Produto 7;7;43.02;301.14;05/01/2023 00:03;BA
Produto 10;3;9.18;27.54;29/10/2022 21:03;MG
Produto 2;10;21.91;219.1;24/04/2023 05:03;PR
Produto 5;5;25.41;127.05;23/12/2022 09:03;RJ
Produto 9;5;25.29;126.45;08/09/2023 05:03;RS
Produto 10;10;14.91;149.1;29/04/2023 07:03;AM
Produto 5;2;26.63;53.26;22/08/2023 21:03;MG
Produto 5;3;21.42;64.26;12/11/2022 19:03;PR
Produto 7;10;45.32;453.2;01/12/2022 13:03;BA
Produto 4;5;29.33;146.65;04/01/2023 09:03;PE
Produto 1;8;8.13;65.04;15/11/2022 08:03;RJ
Produto 2;2;21.24;42.48;18/05/2023 11:03;RJ
Produto 6;1;10.74;10.74;28/11/2022 12:03;SP
Produto 4;4;29.55;118.2;03/05/2023 21:03;AM
Produto 2;6;22.85;137.1;13/05/2023 22:03;PR
Produto 4;5;30.56;152.8;24/07/2023 20:03;BA
Produto 4;1;32.14;32.14;18/01/2023 06:03;RJ
Produto 9;5;21.32;106.6;27/04/2023 15:03;RJ
Produto 3;5;18.24;91.2;21/07/2023 06:03;PE
Produto 9;2;23.84;47.68;18/03/2023 00:03;AM
Produto 1;5;8.72;43.6;20/05/2023 05:03;CE
Produto 10;9;7.93;71.37;03/03/2023 17:03;PE
Produto 7;1;33.3;33.3;21/06/2023 23:03;SP
Produto 1;6;8.47;50.82;24/03/2023 07:03;RJ
Produto 9;8;24.66;197.28;23/03/2023 11:03;RS
Produto 9;8;15.39;123.12;22/08/2023 16:03;CE
Produto 7;8;35.95;287.6;02/04/2023 13:03;PE
Produto 10;8;11.56;92.48;24/03/2023 06:03;SC
Produto 8;9;31.26;281.34;30/07/2023 09:03;BA
Produto 9;1;18.57;18.57;10/03/2023 10:03;BA
Produto 8;5;35.27;176.35;05/11/2022 00:03;SP
Produto 6;10;11.14;111.4;30/05/2023 16:03;PR
Produto 4;9;39.69;357.21;08/09/2023 13:03;RS
Produto 8;9;34.29;308.61;02/08/2023 21:03;BA
Produto 10;4;10.79;43.16;24/08/2023 02:03;RS
Produto 2;10;16.06;160.6;13/07/2023 21:03;CE
Produto 9;5;22.04;110.2;04/09/2023 03:03;PR
Produto 1;1;15.11;15.11;16/11/2022 23:03;SP
Produto 5;6;22.07;132.42;20/09/2023 18:03;SP
Produto 2;2;17.74;35.48;23/07/2023 04:03;AM
Produto 8;6;36.15;216.9;17/10/2023 08:03;SC
Produto 10;4;11.05;44.2;20/04/2023 04:03;RS
Produto 1;6;9.04;54.24;15/08/2023 04:03;MG
Produto 2;2;25.0;50.0;28/08/2023 14:03;SC
Produto 5;3;27.07;81.21;24/11/2022 19:03;PR
Produto 9;10;19.5;195.0;30/03/2023 01:03;AM
Produto 10;5;9.9;49.5;18/04/2023 00:03;BA
Produto 6;3;7.88;23.64;26/01/2023 23:03;PR
Produto 6;8;15.44;123.52;26/06/2023 23:03;AM
Produto 8;5;34.36;171.8;16/12/2022 01:03;RJ
Produto 6;3;9.82;29.46;13/02/2023 22:03;BA
Produto 10;6;7.6;45.6;09/02/2023 22:03;MG
Produto 8;8;32.85;262.8;18/09/2023 22:03;CE
Produto 7;10;32.54;325.4;23/09/2023 18:03;MG
Produto 3;3;13.89;41.67;06/12/2022 10:03;RJ
Produto 5;7;26.25;183.75;25/12/2022 00:03;BA
Produto 9;6;14.54;87.24;17/10/2023 15:03;PE
Produto 5;2;22.25;44.5;18/02/2023 09:03;AM
Produto 8;5;35.69;178.45;30/09/2023 16:03;PE
Produto 5;8;24.05;192.4;27/08/2023 22:03;RJ
Produto 9;3;22.07;66.21;27/04/2023 10:03;SC
Produto 2;3;24.88;74.64;07/05/2023 20:03;BA
Produto 2;5;22.11;110.55;21/09/2023 23:03;PE
Produto 8;1;38.75;38.75;27/08/2023 05:03;BA
Produto 5;2;25.12;50.24;07/06/2023 07:03;RJ
Produto 6;2;8.26;16.52;18/04/2023 13:03;MG
Produto 2;1;16.72;16.72;10/12/2022 05:03;SC
Produto 2;4;21.18;84.72;25/06/2023 17:03;BA
Produto 9;8;15.12;120.96;13/11/2022 21:03;AM
Produto 4;7;38.6;270.2;12/08/2023 05:03;SP
Produto 8;7;33.94;237.58;30/06/2023 03:03;SP
Produto 1;1;9.17;9.17;01/07/2023 11:03;PE
Produto 10;8;15.39;123.12;10/02/2023 21:03;SP
Produto 1;6;13.26;79.56;13/07/2023 10:03;PR
Produto 6;3;8.87;26.61;07/02/2023 21:03;RS
Produto 4;3;26.14;78.42;06/04/2023 16:03;PE
Produto 6;3;9.72;29.16;09/09/2023 15:03;CE
Produto 7;8;37.43;299.44;21/10/2023 13:03;PE
Produto 4;2;32.59;65.18;15/04/2023 04:03;AM
Produto 4;8;28.87;230.96;01/08/2023 11:03;AM
Produto 1;4;9.7;38.8;29/09/2023 10:03;PR
Produto 6;1;9.7;9.7;25/05/2023 09:03;PE
Produto 7;10;34.69;346.9;01/06/2023 19:03;AM
Produto 4;7;33.53;234.71;08/08/2023 19:03;CE
Produto 4;4;24.55;98.2;27/04/2023 02:03;SP
Produto 9;4;21.02;84.08;04/04/2023 19:03;AM
Produto 4;7;28.6;200.2;01/02/2023 10:03;PR
Produto 2;10;24.31;243.1;20/11/2022 13:03;SC
Produto 5;2;24.11;48.22;26/12/2022 17:03;PR
Produto 4;4;37.89;151.56;30/12/2022 02:03;SP
Produto 5;10;27.81;278.1;07/09/2023 01:03;CE
Produto 1;7;11.21;78.47;01/10/2023 10:03;SC
Produto 10;7;1.85;12.95;20/11/2022 19:03;RS
Produto 4;9;31.31;281.79;14/02/2023 17:03;RS
Produto 3;4;10.43;41.72;02/08/2023 09:03;AM
Produto 6;9;10.94;98.46;19/05/2023 17:03;MG
Produto 10;5;6.49;32.45;09/07/2023 05:03;RS
Produto 8;4;33.25;133.0;06/08/2023 16:03;RJ
Produto 3;1;7.24;7.24;16/01/2023 15:03;SC
Produto 10;3;13.88;41.64;17/06/2023 21:03;PE
Produto 8;6;36.09;216.54;12/01/2023 02:03;SP
Produto 10;6;2.78;16.68;14/02/2023 08:03;SP
Produto 6;8;6.09;48.72;29/07/2023 07:03;RS
Produto 6;7;8.1;56.7;23/09/2023 12:03;PE
Produto 5;5;23.85;119.25;17/03/2023 23:03;AM
Produto 1;7;10.06;70.42;17/05/2023 02:03;RJ
Produto 6;3;14.77;44.31;21/02/2023 02:03;SC
Produto 3;10;10.31;103.1;30/03/2023 10:03;SC
Produto 1;5;6.85;34.25;28/10/2023 03:03;CE
Produto 10;6;10.67;64.02;11/12/2022 04:03;CE
Produto 2;1;18.57;18.57;24/08/2023 11:03;PE
Produto 4;7;28.18;197.26;20/05/2023 18:03;CE
Produto 7;8;43.13;345.04;04/06/2023 18:03;BA
Produto 1;3;10.56;31.68;14/01/2023 16:03;RS
Produto 5;5;24.89;124.45;09/03/2023 06:03;SP
Produto 5;10;24.84;248.4;10/06/2023 08:03;BA
Produto 7;6;38.77;232.62;13/05/2023 14:03;RS
Produto 3;6;18.3;109.8;17/09/2023 16:03;MG
Produto 10;2;1.51;3.02;03/02/2023 03:03;RJ
Produto 9;9;19.89;179.01;20/01/2023 10:03;SC
Produto 2;5;22.48;112.4;28/10/2023 17:03;PR
Produto 3;3;13.79;41.37;16/02/2023 21:03;BA
Produto 9;8;15.62;124.96;07/12/2022 00:03;PR
Produto 5;9;23.87;214.83;21/07/2023 20:03;PE
Produto 2;4;15.3;61.2;25/10/2023 10:03;CE
Produto 3;7;11.92;83.44;04/03/2023 19:03;SP
Produto 5;8;25.65;205.2;05/07/2023 01:03;SP
Produto 9;6;21.03;126.18;05/12/2022 20:03;RJ
Produto 8;5;36.78;183.9;04/07/2023 16:03;PR
Produto 6;4;10.36;41.44;26/04/2023 18:03;RS
Produto 9;6;17.89;107.34;17/11/2022 00:03;PE
Produto 9;3;16.81;50.43;25/06/2023 12:03;CE
Produto 10;2;7.09;14.18;06/08/2023 10:03;SP
Produto 1;4;11.13;44.52;31/05/2023 12:03;SC
Produto 9;3;20.29;60.87;24/09/2023 07:03;RS
Produto 10;10;19.14;191.4;17/07/2023 10:03;BA
Produto 2;5;19.2;96.0;16/12/2022 01:03;PE
Produto 1;10;8.69;86.9;06/09/2023 18:03;CE
Produto 8;5;38.8;194.0;19/08/2023 00:03;PR
Produto 4;5;30.55;152.75;05/05/2023 05:03;RJ
Produto 10;8;3.4;27.2;17/06/2023 01:03;BA
Produto 6;7;8.58;60.06;21/06/2023 06:03;PE
Produto 5;3;24.11;72.33;22/12/2022 10:03;MG
Produto 4;4;28.5;114.0;19/07/2023 09:03;CE
Produto 3;8;7.44;59.52;10/03/2023 03:03;CE
Produto 6;3;8.32;24.96;13/04/2023 10:03;PR
Produto 1;1;5.23;5.23;13/01/2023 15:03;SC
Produto 8;2;33.42;66.84;04/08/2023 05:03;MG
Produto 5;9;24.0;216.0;28/04/2023 19:03;PR
Produto 1;9;11.19;100.71;12/02/2023 11:03;RJ
Produto 2;10;19.57;195.7;13/12/2022 06:03;SP
Produto 2;1;24.99;24.99;10/08/2023 02:03;RJ
Produto 4;1;37.77;37.77;13/04/2023 00:03;AM
Produto 10;4;5.98;23.92;31/12/2022 20:03;BA
Produto 4;2;31.51;63.02;05/06/2023 04:03;RS
Produto 5;9;24.73;222.57;28/03/2023 20:03;RJ
Produto 8;4;36.94;147.76;05/06/2023 17:03;SP
Produto 8;7;31.44;220.08;20/07/2023 19:03;MG
Produto 10;10;16.2;162.0;04/08/2023 00:03;SC
Produto 3;1;12.39;12.39;10/03/2023 16:03;MG
Produto 4;8;21.53;172.24;15/12/2022 05:03;SC
Produto 6;8;9.85;78.8;14/03/2023 06:03;SC
Produto 7;9;44.33;398.97;07/06/2023 19:03;CE
Produto 7;4;38.03;152.12;19/07/2023 08:03;PR
Produto 5;5;30.19;150.95;25/03/2023 05:03;PE
Produto 9;10;24.9;249.0;22/04/2023 15:03;RS
Produto 7;1;41.78;41.78;15/11/2022 15:03;PR
Produto 2;8;22.02;176.16;15/10/2023 08:03;RJ
Produto 4;5;27.39;136.95;12/11/2022 07:03;PR
Produto 2;9;20.65;185.85;14/12/2022 16:03;SP
Produto 1;1;11.44;11.44;10/05/2023 23:03;PR
Produto 1;8;12.18;97.44;09/09/2023 19:03;SP
Produto 7;9;36.52;328.68;06/07/2023 04:03;AM
Produto 10;6;12.76;76.56;24/01/2023 12:03;RS
Produto 3;6;13.3;79.8;17/11/2022 03:03;CE
Produto 2;1;24.1;24.1;21/11/2022 05:03;MG
Produto 9;3;19.42;58.26;20/01/2023 08:03;CE
Produto 6;3;11.21;33.63;04/12/2022 09:03;BA
Produto 5;5;23.55;117.75;20/05/2023 20:03;SP
Produto 2;5;20.38;101.9;22/02/2023 11:03;AM
Produto 10;10;14.85;148.5;24/08/2023 17:03;PE
Produto 6;8;8.0;64.0;09/08/2023 10:03;CE
Produto 6;9;6.82;61.38;23/11/2022 15:03;SC
Produto 3;1;15.4;15.4;12/06/2023 03:03;AM
Produto 5;6;24.42;146.52;21/06/2023 18:03;RJ
Produto 5;7;26.4;184.8;01/10/2023 00:03;PR
Produto 4;3;29.39;88.17;14/03/2023 02:03;SP
Produto 5;2;23.42;46.84;25/09/2023 22:03;SC
Produto 5;7;26.83;187.81;12/02/2023 23:03;AM
Produto 5;2;23.99;47.98;26/02/2023 01:03;PR
Produto 3;8;14.98;119.84;01/10/2023 20:03;MG
Produto 8;2;33.74;67.48;28/12/2022 06:03;PE
Produto 2;2;20.58;41.16;13/05/2023 19:03;PR
Produto 6;6;10.89;65.34;08/02/2023 18:03;SC
Produto 3;9;9.52;85.68;17/04/2023 22:03;SC
Produto 7;8;48.4;387.2;05/01/2023 06:03;RS
Produto 4;9;30.54;274.86;19/04/2023 12:03;SP
Produto 5;5;26.54;132.7;25/03/2023 06:03;RJ
Produto 9;8;16.1;128.8;28/05/2023 02:03;AM
Produto 6;5;9.84;49.2;20/07/2023 05:03;MG
Produto 10;10;6.25;62.5;02/08/2023 12:03;SC
Produto 9;3;20.86;62.58;21/06/2023 11:03;RS
Produto 7;1;40.02;40.02;20/05/2023 10:03;SP
Produto 5;4;21.2;84.8;12/06/2023 01:03;SC
Produto 10;8;7.02;56.16;05/07/2023 12:03;RS
Produto 9;9;23.24;209.16;23/09/2023 17:03;RJ
Produto 9;2;17.31;34.62;19/03/2023 12:03;CE
Produto 4;8;28.33;226.64;01/02/2023 22:03;RJ
Produto 3;10;8.46;84.6;26/04/2023 15:03;BA
Produto 9;5;23.04;115.2;14/04/2023 23:03;RJ
Produto 1;5;9.83;49.15;02/12/2022 19:03;SP
Produto 4;3;30.14;90.42;05/10/2023 10:03;RJ
Produto 7;9;41.45;373.05;03/10/2023 14:03;BA
Produto 2;10;14.85;148.5;22/05/2023 15:03;MG
Produto 1;4;12.57;50.28;07/07/2023 16:03;BA
Produto 5;5;24.74;123.7;08/04/2023 04:03;SC
Produto 7;3;41.26;123.78;26/11/2022 17:03;PR
Produto 10;4;11.02;44.08;16/10/2023 04:03;MG
Produto 1;4;8.98;35.92;26/11/2022 06:03;BA
Produto 5;7;25.11;175.77;16/04/2023 08:03;BA
Produto 6;6;12.84;77.04;19/04/2023 12:03;SC
Produto 1;9;11.66;104.94;19/08/2023 09:03;RS
Produto 6;3;12.99;38.97;13/02/2023 09:03;MG
Produto 1;6;8.47;50.82;18/02/2023 21:03;RJ
Produto 2;5;20.88;104.4;23/07/2023 16:03;RJ
Produto 10;10;8.32;83.2;27/10/2023 23:03;PE
Produto 3;10;11.01;110.1;14/03/2023 15:03;SC
Produto 1;4;8.24;32.96;06/07/2023 21:03;AM
Produto 1;4;7.28;29.12;29/11/2022 16:03;SP
Produto 4;3;31.27;93.81;01/07/2023 01:03;RS
Produto 10;5;18.68;93.4;19/12/2022 11:03;BA
Produto 1;7;12.22;85.54;07/08/2023 15:03;AM
Produto 7;2;38.44;76.88;01/09/2023 07:03;RS
Produto 8;6;37.04;222.24;16/11/2022 03:03;AM
Produto 9;5;20.77;103.85;26/05/2023 11:03;PR
Produto 10;2;13.35;26.7;15/07/2023 15:03;AM
Produto 9;4;20.53;82.12;28/12/2022 02:03;BA
Produto 2;5;21.24;106.2;17/09/2023 23:03;BA
Produto 1;4;10.58;42.32;05/01/2023 19:03;SC
Produto 3;7;12.27;85.89;05/02/2023 03:03;SC
Produto 7;9;41.34;372.06;31/12/2022 20:03;BA
Produto 6;8;11.58;92.64;24/03/2023 20:03;CE
Produto 6;8;9.9;79.2;11/01/2023 06:03;MG
Produto 3;6;18.41;110.46;24/02/2023 01:03;PE
Produto 8;8;33.61;268.88;14/11/2022 15:03;CE
Produto 3;5;19.74;98.7;02/04/2023 00:03;PE
Produto 2;8;16.77;134.16;08/05/2023 12:03;PE
Produto 2;10;21.43;214.3;02/10/2023 16:03;PR
Produto 8;4;33.77;135.08;31/01/2023 07:03;PR
Produto 1;8;10.93;87.44;01/05/2023 11:03;BA
Produto 1;1;10.83;10.83;26/02/2023 14:03;SC
Produto 7;5;36.65;183.25;28/06/2023 13:03;PE
Produto 6;10;9.57;95.7;24/05/2023 14:03;PE
Produto 1;7;10.09;70.63;17/12/2022 04:03;MG
Produto 4;8;19.03;152.24;22/02/2023 07:03;RJ
Produto 4;8;27.73;221.84;02/01/2023 16:03;AM
Produto 9;3;16.91;50.73;24/07/2023 19:03;PR
Produto 8;5;36.85;184.25;24/04/2023 07:03;PE
Produto 6;1;11.44;11.44;06/02/2023 15:03;SP
Produto 5;4;26.49;105.96;06/03/2023 18:03;CE
Produto 5;7;22.83;159.81;28/04/2023 04:03;SP
Produto 2;3;14.97;44.91;25/06/2023 07:03;RS
Produto 10;8;4.98;39.84;10/11/2022 19:03;RJ
Produto 7;3;35.92;107.76;05/05/2023 00:03;SC
Produto 9;9;23.55;211.95;27/06/2023 05:03;RJ
Produto 3;3;18.7;56.1;08/07/2023 11:03;RS
Produto 7;2;41.52;83.04;23/07/2023 19:03;PE
Produto 3;9;19.26;173.34;03/08/2023 21:03;PE
Produto 8;7;36.78;257.46;07/05/2023 19:03;PR
Produto 1;1;7.36;7.36;24/05/2023 00:03;RJ
Produto 4;4;35.62;142.48;27/07/2023 23:03;CE
Produto 4;2;27.91;55.82;11/05/2023 15:03;BA
Produto 3;9;18.49;166.41;01/03/2023 22:03;PR
Produto 5;5;22.77;113.85;16/01/2023 04:03;PR
Produto 2;2;18.46;36.92;03/08/2023 04:03;RS
Produto 2;6;16.64;99.84;01/09/2023 09:03;CE
Produto 2;8;20.16;161.28;03/07/2023 01:03;CE
Produto 10;1;9.85;9.85;22/01/2023 16:03;SC
Produto 2;5;20.44;102.2;24/04/2023 12:03;PE
Produto 8;5;36.75;183.75;05/02/2023 05:03;SC
Produto 10;7;13.32;93.24;19/02/2023 17:03;BA
Produto 1;8;8.17;65.36;11/12/2022 20:03;AM
Produto 1;2;10.02;20.04;16/01/2023 17:03;PE
Produto 2;2;23.1;46.2;11/05/2023 19:03;AM
Produto 1;7;12.29;86.03;16/05/2023 22:03;BA
Produto 3;1;9.78;9.78;19/01/2023 06:03;AM
Produto 1;4;15.0;60.0;07/09/2023 01:03;MG
Produto 3;10;16.45;164.5;15/02/2023 01:03;SC
Produto 1;3;11.35;34.05;02/11/2022 16:03;BA
Produto 5;10;28.08;280.8;16/06/2023 06:03;RJ
Produto 8;8;35.38;283.04;15/05/2023 02:03;SC
Produto 6;4;7.45;29.8;21/08/2023 14:03;AM
Produto 6;7;10.57;73.99;16/11/2022 03:03;CE
Produto 6;6;18.14;108.84;06/04/2023 15:03;SP
Produto 2;6;23.38;140.28;25/12/2022 07:03;RS
Produto 1;8;10.54;84.32;07/09/2023 05:03;MG
Produto 8;9;32.82;295.38;10/10/2023 09:03;RS
Produto 3;9;21.46;193.14;17/06/2023 05:03;RS
Produto 5;8;23.06;184.48;15/02/2023 23:03;RS
Produto 7;9;44.41;399.69;19/06/2023 16:03;MG
Produto 6;9;8.92;80.28;11/08/2023 23:03;PE
Produto 8;4;33.61;134.44;31/03/2023 07:03;RS
Produto 5;10;27.72;277.2;23/03/2023 08:03;CE
Produto 10;9;10.73;96.57;11/06/2023 15:03;SP
Produto 5;4;26.79;107.16;10/03/2023 16:03;RS
Produto 1;5;10.06;50.3;19/08/2023 03:03;BA
Produto 7;6;40.03;240.18;18/05/2023 06:03;PE
Produto 5;7;25.77;180.39;28/10/2023 22:03;SP
Produto 9;2;19.55;39.1;22/11/2022 18:03;AM
Produto 4;3;23.93;71.79;01/03/2023 01:03;BA
Produto 6;3;12.33;36.99;14/12/2022 13:03;RS
Produto 5;8;24.87;198.96;18/01/2023 03:03;PR
Produto 6;8;12.21;97.68;23/09/2023 01:03;CE
Produto 5;5;22.24;111.2;19/08/2023 05:03;SP
Produto 5;10;26.44;264.4;24/05/2023 07:03;SP
Produto 8;7;33.42;233.94;30/04/2023 19:03;SP
Produto 9;6;19.89;119.34;19/04/2023 05:03;RS
Produto 6;7;11.98;83.86;28/04/2023 09:03;AM
Produto 10;1;11.32;11.32;29/01/2023 20:03;MG
Produto 10;3;7.93;23.79;04/02/2023 18:03;SC
Produto 8;10;34.74;347.4;08/05/2023 18:03;AM
Produto 1;1;7.73;7.73;15/12/2022 04:03;BA
Produto 7;10;36.28;362.8;12/11/2022 20:03;AM
Produto 1;1;7.94;7.94;21/04/2023 23:03;MG
Produto 10;9;5.22;46.98;29/12/2022 04:03;SC
Produto 4;4;36.55;146.2;23/06/2023 22:03;SC
Produto 5;9;24.77;222.93;10/06/2023 07:03;PE
Produto 6;3;12.63;37.89;30/01/2023 22:03;RS
Produto 1;1;9.4;9.4;29/06/2023 23:03;PR
Produto 2;6;19.0;114.0;29/01/2023 12:03;RJ
Produto 10;5;11.28;56.4;14/11/2022 21:03;AM
Produto 5;1;23.47;23.47;10/04/2023 22:03;SC
Produto 6;4;7.66;30.64;17/06/2023 01:03;CE
Produto 6;1;13.11;13.11;16/04/2023 21:03;BA
Produto 9;3;25.52;76.56;02/07/2023 11:03;MG
Produto 3;6;17.48;104.88;22/12/2022 15:03;PE
Produto 7;6;36.91;221.46;12/12/2022 03:03;CE
Produto 7;4;38.01;152.04;05/02/2023 04:03;RS
Produto 2;8;22.84;182.72;20/08/2023 05:03;CE
Produto 8;1;33.54;33.54;21/12/2022 20:03;BA
Produto 4;4;35.1;140.4;02/08/2023 03:03;SP
Produto 1;4;6.95;27.8;23/07/2023 15:03;PE
Produto 6;3;12.04;36.12;19/12/2022 16:03;PE
Produto 8;2;34.25;68.5;10/03/2023 22:03;PE
Produto 2;4;22.89;91.56;28/04/2023 23:03;AM
Produto 1;2;10.25;20.5;22/06/2023 09:03;CE
Produto 6;2;10.33;20.66;30/09/2023 09:03;RS
Produto 5;6;22.65;135.9;02/10/2023 14:03;SP
Produto 10;5;11.37;56.85;26/09/2023 00:03;BA
Produto 3;1;14.4;14.4;16/06/2023 01:03;RS
Produto 7;7;34.96;244.72;19/03/2023 19:03;PE
Produto 7;7;44.1;308.7;22/07/2023 20:03;PR
Produto 9;2;17.12;34.24;11/07/2023 14:03;RJ
Produto 7;1;36.86;36.86;24/03/2023 21:03;SP
Produto 7;10;41.96;419.6;28/01/2023 04:03;PE
Produto 9;3;19.61;58.83;09/11/2022 20:03;RS
Produto 4;10;34.91;349.1;12/03/2023 20:03;SC
Produto 6;7;12.91;90.37;11/03/2023 04:03;CE
Produto 10;1;12.45;12.45;16/09/2023 17:03;SP
Produto 7;10;28.15;281.5;17/06/2023 15:03;RJ
Produto 10;6;4.74;28.44;17/05/2023 06:03;RJ
Produto 5;7;26.38;184.66;11/03/2023 21:03;AM
Produto 2;7;18.9;132.3;23/06/2023 19:03;SP
Produto 10;7;10.88;76.16;28/02/2023 07:03;BA
Produto 4;1;29.88;29.88;22/11/2022 11:03;MG
Produto 2;5;19.99;99.95;09/06/2023 10:03;SC
Produto 6;2;13.77;27.54;09/04/2023 15:03;PE
Produto 8;6;34.52;207.12;22/08/2023 19:03;SP
Produto 9;7;22.49;157.43;03/08/2023 10:03;RJ
Produto 5;8;24.64;197.12;01/11/2022 01:03;PE
Produto 3;4;;56.0;03/09/2023 23:03;BA
Produto 9;9;;171.63;19/08/2023 03:03;RS
Produto 8;8;;278.88;15/04/2023 07:03;MG
Produto 9;1;;20.69;19/10/2023 01:03;PE
Produto 6;2;;23.68;14/06/2023 19:03;MG
Produto 1;7;;68.25;31/03/2023 22:03;BA
Produto 10;10;;87.3;07/10/2023 12:03;PR
Produto 3;6;;109.2;16/03/2023 01:03;AM
Produto 6;10;;102.4;30/04/2023 11:03;RS
Produto 7;3;;102.09;31/03/2023 01:03;RS
Produto 7;1;;38.5;25/05/2023 16:03;BA
Produto 7;8;;332.48;29/10/2023 12:03;MG
Produto 3;1;17.38;17.38;15/04/2023 20:03;PR
Produto 5;2;25.45;50.9;26/06/2023 20:03;SC
Produto 1;1;8.24;8.24;11/11/2022 17:03;RS
Produto 9;1;24.23;24.23;11/06/2023 21:03;BA
Produto 8;5;34.03;170.15;26/07/2023 12:03;AM
Produto 7;7;44.65;312.55;19/10/2023 13:03;RJ
Produto 2;7;20.41;142.87;15/11/2022 20:03;PE
Produto 7;7;36.13;252.91;18/10/2023 05:03;RJ
Produto 2;7;19.8;138.6;03/01/2023 05:03;RJ
Produto 6;6;11.14;66.84;19/10/2023 03:03;RS
Produto 2;2;18.04;36.08;26/08/2023 06:03;BA
Produto 7;9;36.67;330.03;29/06/2023 23:03;PE
Produto 3;4;17.75;71.0;01/11/2022 16:03;PR
Produto 10;8;11.61;92.88;14/11/2022 14:03;CE
Produto 3;3;11.8;35.4;10/01/2023 03:03;SP
Produto 2;5;24.76;123.8;08/03/2023 03:03;CE
Produto 9;10;18.34;183.4;19/08/2023 09:03;RJ
Produto 6;6;11.22;67.32;24/08/2023 22:03;BA
Produto 6;5;8.98;44.9;09/08/2023 19:03;CE
Produto 5;8;24.41;195.28;13/07/2023 15:03;AM
Produto 6;3;13.58;40.74;12/02/2023 23:03;MG
Produto 1;10;9.2;92.0;16/08/2023 12:03;RS
Produto 7;10;43.52;435.2;27/08/2023 19:03;SP
Produto 8;3;32.33;96.99;08/02/2023 21:03;PE
Produto 4;9;37.7;339.3;06/09/2023 12:03;RJ
Produto 10;7;17.93;125.51;17/11/2022 11:03;RS
Produto 9;6;19.18;115.08;03/05/2023 10:03;RJ
Produto 10;1;13.48;13.48;09/08/2023 15:03;CE
Produto 7;8;45.77;366.16;19/12/2022 13:03;RJ
Produto 6;10;8.76;87.6;08/10/2023 20:03;CE
Produto 6;8;10.67;85.36;12/06/2023 18:03;SP
Produto 8;4;34.43;137.72;09/07/2023 10:03;SP
Produto 4;9;25.21;226.89;30/05/2023 18:03;PE
Produto 8;5;34.94;174.7;10/11/2022 00:03;SP
Produto 7;1;39.26;39.26;20/02/2023 15:03;BA
Produto 6;10;18.62;186.2;18/12/2022 00:03;PE
Produto 9;2;20.92;41.84;16/05/2023 23:03;RJ
Produto 10;6;15.88;95.28;06/12/2022 22:03;MG
Produto 3;6;10.89;65.34;14/10/2023 22:03;RS
Produto 3;8;17.3;138.4;04/04/2023 10:03;RS
Produto 8;7;35.9;251.3;10/02/2023 00:03;BA
Produto 3;8;16.71;133.68;05/04/2023 18:03;MG
Produto 6;3;5.96;17.88;12/06/2023 12:03;CE
Produto 5;9;24.56;221.04;08/08/2023 16:03;PR
Produto 2;5;19.66;98.3;06/06/2023 01:03;MG
Produto 9;10;17.87;178.7;15/09/2023 22:03;RJ
Produto 1;7;9.6;67.2;12/01/2023 16:03;RS
Produto 2;2;17.38;34.76;18/11/2022 11:03;SP
Produto 10;2;7.92;15.84;20/06/2023 20:03;SP
Produto 3;3;6.15;18.45;28/09/2023 18:03;MG
Produto 7;10;40.47;404.7;04/06/2023 18:03;PE
Produto 1;5;9.65;48.25;06/06/2023 08:03;RJ
Produto 7;9;37.51;337.59;30/06/2023 03:03;PR
Produto 4;6;29.82;178.92;04/05/2023 12:03;AM
Produto 10;3;8.62;25.86;06/03/2023 17:03;RS
Produto 1;2;11.3;22.6;26/12/2022 14:03;PE
Produto 8;1;37.19;37.19;31/12/2022 21:03;BA
Produto 9;5;16.78;83.9;15/10/2023 05:03;RS
Produto 1;7;8.44;59.08;05/05/2023 12:03;BA
Produto 6;10;8.81;88.1;07/06/2023 16:03;PR
Produto 8;8;35.3;282.4;30/07/2023 10:03;PR
Produto 5;2;23.85;47.7;21/05/2023 04:03;PE
Produto 5;10;27.53;275.3;30/12/2022 01:03;CE
Produto 5;1;22.63;22.63;16/03/2023 14:03;RJ
Produto 1;1;14.62;14.62;15/06/2023 16:03;PE
Produto 2;2;20.7;41.4;09/09/2023 08:03;PE
Produto 4;2;33.16;66.32;06/12/2022 19:03;PE
Produto 6;4;12.51;50.04;01/01/2023 06:03;BA
Produto 10;8;9.93;79.44;29/09/2023 03:03;CE
Produto 8;6;35.02;210.12;31/01/2023 22:03;RJ
Produto 2;8;15.73;125.84;26/03/2023 05:03;SP
Produto 9;1;18.21;18.21;30/04/2023 20:03;CE
Produto 5;6;24.72;148.32;14/11/2022 06:03;RJ
Produto 9;3;23.04;69.12;04/08/2023 00:03;RS
Produto 4;8;29.08;232.64;19/12/2022 20:03;MG
Produto 10;1;15.64;15.64;23/04/2023 23:03;BA
Produto 2;6;23.21;139.26;28/11/2022 16:03;PR
Produto 2;7;24.72;173.04;26/04/2023 22:03;SC
Produto 1;4;3.77;15.08;16/12/2022 23:03;AM
Produto 2;9;20.05;180.45;09/04/2023 08:03;BA
Produto 3;9;15.72;141.48;14/08/2023 21:03;RS
Produto 9;6;25.06;150.36;03/10/2023 16:03;PR
Produto 3;2;17.3;34.6;27/02/2023 18:03;CE
Produto 3;5;18.25;91.25;30/12/2022 15:03;SP
Produto 3;3;16.61;49.83;16/10/2023 01:03;CE
Produto 5;5;22.57;112.85;14/08/2023 04:03;SP
Produto 2;9;17.09;153.81;01/10/2023 23:03;PE
Produto 8;6;34.07;204.42;03/03/2023 18:03;CE
Produto 7;10;36.7;367.0;18/09/2023 08:03;AM
Produto 3;6;19.88;119.28;31/10/2022 18:03;SC
Produto 1;5;9.52;47.6;08/08/2023 14:03;AM
Produto 2;8;18.08;144.64;16/12/2022 18:03;PE
Produto 4;9;21.32;191.88;15/02/2023 20:03;SP
Produto 5;9;28.64;257.76;31/01/2023 06:03;RS
Produto 6;6;12.28;73.68;05/12/2022 21:03;PE
Produto 8;10;34.66;346.6;06/07/2023 18:03;CE
Produto 4;7;19.79;138.53;13/02/2023 20:03;PE
Produto 6;6;11.84;71.04;28/04/2023 22:03;AM
Produto 7;6;37.15;222.9;27/10/2023 12:03;AM
Produto 5;6;22.69;136.14;28/11/2022 04:03;MG
Produto 9;4;17.0;68.0;12/12/2022 10:03;PE
Produto 3;10;14.36;143.6;22/06/2023 15:03;BA
Produto 7;1;33.63;33.63;24/05/2023 09:03;BA
Produto 8;10;38.59;385.9;29/08/2023 05:03;PR
Produto 4;1;35.2;35.2;08/10/2023 08:03;MG
Produto 3;5;8.65;43.25;08/10/2023 03:03;RJ
Produto 4;6;10.05;60.3;04/07/2023 02:03;RJ
Produto 2;3;15.54;46.62;12/10/2023 01:03;PR
Produto 10;2;9.49;18.98;14/05/2023 06:03;MG
Produto 6;10;3.58;35.8;05/04/2023 19:03;SP
Produto 4;8;20.38;163.04;07/03/2023 09:03;SP
Produto 10;8;8.12;64.96;21/11/2022 21:03;PR
Produto 3;2;17.09;34.18;01/04/2023 14:03;PR
Produto 10;7;14.5;101.5;19/06/2023 09:03;SP
Produto 10;7;10.23;71.61;23/07/2023 18:03;RS
Produto 7;3;45.06;135.18;24/11/2022 22:03;SC
Produto 8;7;36.23;253.61;27/09/2023 08:03;RJ
Produto 2;9;20.18;181.62;14/12/2022 21:03;MG
Produto 9;2;15.73;31.46;06/02/2023 19:03;SC
Produto 5;2;27.12;54.24;12/01/2023 07:03;PR
Produto 5;2;27.42;54.84;20/02/2023 13:03;RS
Produto 9;4;24.92;99.68;15/08/2023 03:03;RJ
Produto 8;5;37.24;186.2;08/12/2022 08:03;PE
Produto 9;4;21.95;87.8;26/11/2022 16:03;RJ
Produto 8;8;34.28;274.24;05/04/2023 14:03;BA
Produto 6;9;14.49;130.41;18/04/2023 20:03;SC
Produto 9;8;20.09;160.72;21/04/2023 07:03;PR
Produto 8;2;34.9;69.8;11/04/2023 13:03;SC
Produto 1;2;8.92;17.84;17/12/2022 15:03;MG
Produto 3;3;14.71;44.13;19/04/2023 06:03;RJ
Produto 1;6;12.15;72.9;05/10/2023 15:03;MG
Produto 10;10;14.44;144.4;08/05/2023 14:03;SP
Produto 4;3;28.32;84.96;22/08/2023 02:03;PE
Produto 6;8;9.81;78.48;15/11/2022 01:03;RS
Produto 1;10;8.57;85.7;26/03/2023 21:03;AM
Produto 5;9;22.64;203.76;15/07/2023 09:03;MG
Produto 5;5;26.2;131.0;07/11/2022 03:03;SC
Produto 3;6;19.63;117.78;09/11/2022 23:03;BA
Produto 5;9;24.72;222.48;11/09/2023 15:03;AM
Produto 8;3;36.06;108.18;26/04/2023 19:03;MG
Produto 7;9;34.59;311.31;30/03/2023 16:03;RJ
Produto 7;7;43.02;301.14;05/01/2023 00:03;BA
Produto 10;3;9.18;27.54;29/10/2022 21:03;MG
Produto 2;10;21.91;219.1;24/04/2023 05:03;PR
Produto 5;5;25.41;127.05;23/12/2022 09:03;RJ
Produto 9;5;25.29;126.45;08/09/2023 05:03;RS
Produto 10;10;14.91;149.1;29/04/2023 07:03;AM
Produto 1;5;9.52;47.6;08/08/2023 14:03;AM
Produto 2;8;18.08;144.64;16/12/2022 18:03;PE
Produto 4;9;21.32;191.88;15/02/2023 20:03;SP
Produto 5;9;28.64;257.76;31/01/2023 06:03;RS
Produto 6;6;12.28;73.68;05/12/2022 21:03;PE
Produto 8;10;34.66;346.6;06/07/2023 18:03;CE
Produto 4;7;19.79;138.53;13/02/2023 20:03;PE
Produto 6;6;11.84;71.04;28/04/2023 22:03;AM
Produto 7;6;37.15;222.9;27/10/2023 12:03;AM
Produto 5;6;22.69;136.14;28/11/2022 04:03;MG
Produto 9;4;17.0;68.0;12/12/2022 10:03;PE
Produto 3;10;14.36;143.6;22/06/2023 15:03;BA
Produto 7;1;33.63;33.63;24/05/2023 09:03;BA
Produto 8;10;38.59;385.9;29/08/2023 05:03;PR
Produto 4;1;35.2;35.2;08/10/2023 08:03;MG
Produto 3;5;8.65;43.25;08/10/2023 03:03;RJ
Produto 4;6;10.05;60.3;04/07/2023 02:03;RJ
Produto 2;3;15.54;46.62;12/10/2023 01:03;PR
Produto 10;2;9.49;18.98;14/05/2023 06:03;MG
Produto 6;10;3.58;35.8;05/04/2023 19:03;SP
Produto 4;8;20.38;163.04;07/03/2023 09:03;SP
Produto 10;8;8.12;64.96;21/11/2022 21:03;PR
Produto 3;2;17.09;34.18;01/04/2023 14:03;PR
Produto 10;7;14.5;101.5;19/06/2023 09:03;SP
